Word,Kata Muncul,IDF Divider
pasir,152,2.9824870468039704
jalan,200,2.70805020110221
rujak,19,5.061928588483807
luas,155,2.962942450731
bayar,91,3.4955080611333966
pop,1,8.006367567650246
orang,107,3.3335387331883406
ribu,27,4.710530701645918
beli,34,4.480007043034085
bersih,341,2.17448509036673
putih,112,3.287868696355152
kuda,46,4.177726171161152
mie,4,6.620073206530356
pantai,576,1.6502599069543555
sewa,21,4.961845129926823
mandi,54,4.017383521085972
keluarga,132,3.123565645063876
gazebo,9,5.809142990314028
sumenep,113,3.278979748937906
kamar,45,4.199705077879927
wisata,350,2.1484344131667874
cocok,143,3.0435229373903394
pekan,3,6.907755278982137
fasilitas,109,3.315019685421103
jual,56,3.9810158769150976
makan,218,2.6218725048611575
toilet,65,3.8319802977546096
pohon,62,3.879233182605155
spot,82,3.5996483203859935
cemaraa,2,7.313220387090301
rindang,16,5.233778845410465
khas,55,3.9990343824177756
kantin,2,7.313220387090301
sedia,56,3.9810158769150976
main,53,4.036075654098125
bagus,698,1.4581484648878744
buanyaakkkkkkkk,1,8.006367567650246
lokasi,116,3.2527773765438823
harga,105,3.3524072174927233
jangkau,38,4.368781407923861
luassss,1,8.006367567650246
sejuk,52,4.05512384906882
lombang,25,4.787491742782046
samapi,1,8.006367567650246
orng,3,6.907755278982137
disnaa,1,8.006367567650246
tingkat,36,4.422848629194137
ramah,63,3.8632328412587142
tidur,6,6.214608098422191
hehehe,5,6.396929655216146
mkananya,1,8.006367567650246
banget,229,2.572645564096007
udang,39,4.3428059215206005
cantik,28,4.674163057475043
cemara,67,3.8016749482592807
adem,13,5.44141821018871
klapa,1,8.006367567650246
parkir,211,2.65450943417418
mantap,78,3.649658740960655
ijo,1,8.006367567650246
tunggul,1,8.006367567650246
rapi,10,5.703782474656201
murah,91,3.4955080611333966
masuk,199,2.7130627429257546
santai,18,5.115995809754082
weekday,3,6.907755278982137
lumayan,154,2.9694149652366177
duduk,33,4.509860006183766
mobil,60,3.912023005428146
sepi,62,3.879233182605155
tiket,98,3.421400088979675
ekspektasi,4,6.620073206530356
view,47,4.156219965940188
laut,117,3.2441936328524905
nikmat,52,4.05512384906882
indah,277,2.3823500614629083
aman,25,4.787491742782046
ngebayangin,1,8.006367567650246
puas,13,5.44141821018871
neduh,1,8.006367567650246
panas,131,3.131170244449095
atas,13,5.44141821018871
madura,245,2.50510935710552
ramai,88,3.5290307531720404
bonus,4,6.620073206530356
lupa,30,4.605170185988092
kasih,23,4.870873351721097
naik,3,6.907755278982137
asli,22,4.915325114291931
kenang,13,5.44141821018871
bintang,4,6.620073206530356
jawa,21,4.961845129926823
oke,16,5.233778845410465
timur,21,4.961845129926823
nganjuk,1,8.006367567650246
tenang,54,4.017383521085972
utara,18,5.115995809754082
ombak,56,3.9810158769150976
tengah,5,6.396929655216146
condong,1,8.006367567650246
benam,8,5.926926025970411
matahari,19,5.061928588483807
terbit,3,6.907755278982137
buang,17,5.173154223594031
bungkus,5,6.396929655216146
unjung,84,3.575550768806933
lain,9,5.809142990314028
terap,1,8.006367567650246
sampah,82,3.5996483203859935
semberangan,1,8.006367567650246
pinggir,48,4.135166556742356
popmie,1,8.006367567650246
kotor,67,3.8016749482592807
minim,11,5.608472294851876
enak,181,2.807870536384421
instan,1,8.006367567650246
destinasi,47,4.156219965940188
pulau,88,3.5290307531720404
ditumbuhin,1,8.006367567650246
jadi,24,4.8283137373023015
lembut,13,5.44141821018871
hampar,18,5.115995809754082
layak,11,5.608472294851876
ujung,12,5.521460917862246
iya,74,3.702302474446077
jajan,6,6.214608098422191
wahana,12,5.521460917862246
pendopo,2,7.313220387090301
jaga,48,4.135166556742356
tetep,8,5.926926025970411
moga,53,4.036075654098125
management,2,7.313220387090301
kumpul,4,6.620073206530356
bilang,18,5.115995809754082
nyaman,165,2.900422093749666
minggu,6,6.214608098422191
kunjung,143,3.0435229373903394
kondisi,16,5.233778845410465
santa,14,5.367310238034988
area,55,3.9990343824177756
saran,41,4.292795500945939
awat,81,3.611918412977808
coba,29,4.639071737663773
anak,51,4.074541934925921
sana,36,4.422848629194137
watching,5,6.396929655216146
lalu,2,7.313220387090301
org,16,5.233778845410465
now,5,6.396929655216146
nya,244,2.5091993423570447
wc,7,6.060457418594933
pinus,2,7.313220387090301
lancar,5,6.396929655216146
pas,114,3.270169119255751
kena,23,4.870873351721097
weekend,9,5.809142990314028
mulus,3,6.907755278982137
rb,65,3.8319802977546096
piknik,7,6.060457418594933
tepat,11,5.608472294851876
daya,6,6.214608098422191
kota,41,4.292795500945939
kabupaten,47,4.156219965940188
arah,22,4.915325114291931
pulang,18,5.115995809754082
foto,144,3.036554268074246
lubang,5,6.396929655216146
kesana,63,3.8632328412587142
jam,43,4.245167451956684
an,24,4.8283137373023015
salah,104,3.361976668508874
standar,10,5.703782474656201
pilih,20,5.0106352940962555
baju,6,6.214608098422191
kenal,31,4.5723803631651005
keliling,12,5.521460917862246
bikin,28,4.674163057475043
hutan,6,6.214608098422191
siang,46,4.177726171161152
terik,11,5.608472294851876
mati,12,5.521460917862246
tunjang,2,7.313220387090301
air,264,2.4304184645039304
musholla,23,4.870873351721097
rusak,18,5.115995809754082
wushu,1,8.006367567650246
kuta,4,6.620073206530356
surfing,2,7.313220387090301
bal,9,5.809142990314028
woooww,1,8.006367567650246
cenderung,10,5.703782474656201
hindar,4,6.620073206530356
kedai,2,7.313220387090301
season,2,7.313220387090301
padat,3,6.907755278982137
opsi,2,7.313220387090301
kayak,17,5.173154223594031
sayang,118,3.235682943184582
sera,13,5.44141821018871
depan,20,5.0106352940962555
baik,39,4.3428059215206005
sih,65,3.8319802977546096
gitu,21,4.961845129926823
kelola,83,3.587526959853649
kurang,16,5.233778845410465
suasana,81,3.611918412977808
hijau,11,5.608472294851876
warga,29,4.639071737663773
rekreasi,22,4.915325114291931
bawa,46,4.177726171161152
jajah,3,6.907755278982137
bonsai,6,6.214608098422191
wajib,30,4.605170185988092
burung,1,8.006367567650246
kicau,1,8.006367567650246
milir,4,6.620073206530356
pesona,14,5.367310238034988
slopeng,26,4.748271029628765
asri,35,4.451019506160833
angin,15,5.298317366548036
suara,3,6.907755278982137
tarik,77,3.6625621457965627
pkek,1,8.006367567650246
wktu,2,7.313220387090301
akses,85,3.56371631115993
maps,4,6.620073206530356
google,10,5.703782474656201
rusakk,1,8.006367567650246
pada,19,5.061928588483807
kesasar,2,7.313220387090301
bebas,8,5.926926025970411
sunrise,2,7.313220387090301
lihat,31,4.5723803631651005
sepiii,2,7.313220387090301
kereeennn,2,7.313220387090301
subhanallah,8,5.926926025970411
karcis,28,4.674163057475043
pantau,2,7.313220387090301
dg,41,4.292795500945939
tempat,270,2.407945608651872
bilas,2,7.313220387090301
pandang,147,3.0159349808715104
wajar,6,6.214608098422191
gak,95,3.452490676049706
udh,11,5.608472294851876
kalah,11,5.608472294851876
bau,15,5.298317366548036
gk,28,4.674163057475043
deh,24,4.8283137373023015
lestari,7,6.060457418594933
jamin,5,6.396929655216146
sahabat,10,5.703782474656201
baget,2,7.313220387090301
yogyakarta,1,8.006367567650246
harap,13,5.44141821018871
pemkab,6,6.214608098422191
bak,1,8.006367567650246
kali,57,3.9633162998156966
letak,29,4.639071737663773
suka,49,4.11454726953962
muas,14,5.367310238034988
kesini,113,3.278979748937906
senang,41,4.292795500945939
pagi,33,4.509860006183766
buka,18,5.115995809754082
private,3,6.907755278982137
beach,8,5.926926025970411
warung,33,4.509860006183766
asa,7,6.060457418594933
lembang,1,8.006367567650246
libur,87,3.540459448995663
silah,3,6.907755278982137
wisatawan,30,4.605170185988092
badan,3,6.907755278982137
bejemur,1,8.006367567650246
tuk,3,6.907755278982137
lengkap,40,4.31748811353631
panorama,9,5.809142990314028
fasiltas,1,8.006367567650246
mata,19,5.061928588483807
riah,12,5.521460917862246
sembunyi,5,6.396929655216146
surga,9,5.809142990314028
eman,1,8.006367567650246
tutup,15,5.298317366548036
haduch,1,8.006367567650246
tadabur,1,8.006367567650246
alam,102,3.3813947543659757
halus,13,5.44141821018871
beda,22,4.915325114291931
tahun,4,6.620073206530356
susur,2,7.313220387090301
dahaga,1,8.006367567650246
degan,6,6.214608098422191
hapus,2,7.313220387090301
patut,8,5.926926025970411
mumpuni,1,8.006367567650246
dukung,14,5.367310238034988
bareng,15,5.298317366548036
acara,10,5.703782474656201
budaya,4,6.620073206530356
ruame,2,7.313220387090301
tradisi,1,8.006367567650246
tumbuh,7,6.060457418594933
garis,4,6.620073206530356
spesial,4,6.620073206530356
butuh,18,5.115995809754082
menit,12,5.521460917862246
sore,50,4.0943445622221
sulit,12,5.521460917862246
cari,22,4.915325114291931
coklat,9,5.809142990314028
emas,2,7.313220387090301
tepi,21,4.961845129926823
ajar,3,6.907755278982137
keren,95,3.452490676049706
identik,2,7.313220387090301
teduh,17,5.173154223594031
rekomended,10,5.703782474656201
gelombang,6,6.214608098422191
tanam,2,7.313220387090301
trendy,1,8.006367567650246
so,5,6.396929655216146
mampir,34,4.480007043034085
abiz,2,7.313220387090301
singgah,4,6.620073206530356
menu,33,4.509860006183766
dagang,12,5.521460917862246
milenial,1,8.006367567650246
ftonya,1,8.006367567650246
wao,1,8.006367567650246
aku,4,6.620073206530356
kece,2,7.313220387090301
murni,2,7.313220387090301
kaki,6,6.214608098422191
sungguh,13,5.44141821018871
kereeennnn,1,8.006367567650246
bangeettt,1,8.006367567650246
biasaa,1,8.006367567650246
tata,28,4.674163057475043
jelek,10,5.703782474656201
pampers,1,8.006367567650246
plastik,9,5.809142990314028
bekas,29,4.639071737663773
tawar,14,5.367310238034988
alami,44,4.222177933731985
hibur,7,6.060457418594933
relatif,12,5.521460917862246
hlem,1,8.006367567650246
langsung,81,3.611918412977808
sanah,1,8.006367567650246
ngetrip,1,8.006367567650246
bengong,2,7.313220387090301
tarif,10,5.703782474656201
banjir,1,8.006367567650246
hujan,43,4.245167451956684
ga,55,3.9990343824177756
reda,1,8.006367567650246
renovasi,4,6.620073206530356
portable,1,8.006367567650246
cepat,30,4.605170185988092
tambah,39,4.3428059215206005
permanent,1,8.006367567650246
selesai,7,6.060457418594933
bangun,19,5.061928588483807
ambil,34,4.480007043034085
sunsidenya,1,8.006367567650246
tentram,2,7.313220387090301
damai,4,6.620073206530356
seru,15,5.298317366548036
spnjang,1,8.006367567650246
musolla,2,7.313220387090301
unk,3,6.907755278982137
pagar,11,5.608472294851876
jenis,1,8.006367567650246
pentol,3,6.907755278982137
bakso,2,7.313220387090301
lebaran,9,5.809142990314028
suguh,5,6.396929655216146
jalur,15,5.298317366548036
jernih,25,4.787491742782046
cuman,32,4.54063166485052
kangen,6,6.214608098422191
ngilangin,2,7.313220387090301
cinta,15,5.298317366548036
mudah,41,4.292795500945939
exotic,3,6.907755278982137
anggota,2,7.313220387090301
minum,43,4.245167451956684
serta,8,5.926926025970411
rimbun,1,8.006367567650246
berita,3,6.907755278982137
tanah,24,4.8283137373023015
penuh,21,4.961845129926823
has,1,8.006367567650246
landai,7,6.060457418594933
lelah,6,6.214608098422191
lepas,9,5.809142990314028
pdhal,1,8.006367567650246
salur,4,6.620073206530356
pengin,2,7.313220387090301
bibir,7,6.060457418594933
hias,4,6.620073206530356
istirahat,14,5.367310238034988
sesuai,16,5.233778845410465
ekor,2,7.313220387090301
jorok,3,6.907755278982137
bocor,3,6.907755278982137
genteng,2,7.313220387090301
lembutttt,1,8.006367567650246
lebar,8,5.926926025970411
ekstra,1,8.006367567650246
ranting,2,7.313220387090301
parah,8,5.926926025970411
lingkung,7,6.060457418594933
hati,32,4.54063166485052
pangkas,1,8.006367567650246
bus,13,5.44141821018871
panjang,4,6.620073206530356
jarak,8,5.926926025970411
lapar,2,7.313220387090301
haus,3,6.907755278982137
ringan,3,6.907755278982137
capek,1,8.006367567650246
biaya,33,4.509860006183766
bekal,3,6.907755278982137
indaah,1,8.006367567650246
mini,3,6.907755278982137
relaksasi,2,7.313220387090301
sd,3,6.907755278982137
muda,20,5.0106352940962555
kopyor,1,8.006367567650246
kmr,1,8.006367567650246
obat,4,6.620073206530356
favorit,7,6.060457418594933
kelapa,13,5.44141821018871
minibus,1,8.006367567650246
datar,4,6.620073206530356
asyik,26,4.748271029628765
lebih,8,5.926926025970411
sendiri,1,8.006367567650246
tumpang,4,6.620073206530356
betah,4,6.620073206530356
event,1,8.006367567650246
loh,5,6.396929655216146
gate,1,8.006367567650246
panjaaang,1,8.006367567650246
renang,27,4.710530701645918
bocah,2,7.313220387090301
upgrade,2,7.313220387090301
cuaca,22,4.915325114291931
khusus,11,5.608472294851876
review,2,7.313220387090301
channel,2,7.313220387090301
vibes,1,8.006367567650246
yutub,1,8.006367567650246
positive,1,8.006367567650246
indonesia,8,5.926926025970411
bola,1,8.006367567650246
trus,18,5.115995809754082
jngn,1,8.006367567650246
ngeri,2,7.313220387090301
daerah,38,4.368781407923861
payah,2,7.313220387090301
abai,3,6.907755278982137
besar,12,5.521460917862246
ganggu,6,6.214608098422191
november,5,6.396929655216146
perintah,19,5.061928588483807
aset,3,6.907755278982137
buat,14,5.367310238034988
limbah,2,7.313220387090301
potensi,8,5.926926025970411
tambak,2,7.313220387090301
turing,1,8.006367567650246
keee,1,8.006367567650246
momentnya,1,8.006367567650246
kadang,8,5.926926025970411
tolong,1,8.006367567650246
jk,1,8.006367567650246
wlo,1,8.006367567650246
jatuh,13,5.44141821018871
tetrllu,1,8.006367567650246
eksotis,12,5.521460917862246
kwartir,1,8.006367567650246
jasa,5,6.396929655216146
teman,27,4.710530701645918
recommended,12,5.521460917862246
penasaran,12,5.521460917862246
dsn,1,8.006367567650246
pt,1,8.006367567650246
dtang,1,8.006367567650246
bnyak,8,5.926926025970411
nyesel,5,6.396929655216146
disepanjng,1,8.006367567650246
pokok,31,4.5723803631651005
inap,53,4.036075654098125
top,12,5.521460917862246
bentang,4,6.620073206530356
injak,3,6.907755278982137
ku,7,6.060457418594933
elok,5,6.396929655216146
nama,18,5.115995809754082
kelak,2,7.313220387090301
es,15,5.298317366548036
langgan,8,5.926926025970411
bengkalai,2,7.313220387090301
cm,13,5.44141821018871
sebenernya,4,6.620073206530356
dikit,8,5.926926025970411
nan,13,5.44141821018871
tiada,2,7.313220387090301
indahh,2,7.313220387090301
gugus,2,7.313220387090301
mes,1,8.006367567650246
maksimal,11,5.608472294851876
tahan,7,6.060457418594933
kemah,3,6.907755278982137
pleton,1,8.006367567650246
suananya,2,7.313220387090301
udara,16,5.233778845410465
maju,9,5.809142990314028
legendaris,1,8.006367567650246
nyantai,6,6.214608098422191
x,19,5.061928588483807
baru,1,8.006367567650246
resmi,6,6.214608098422191
website,1,8.006367567650246
beri,2,7.313220387090301
publik,1,8.006367567650246
pamekasan,52,4.05512384906882
informasi,9,5.809142990314028
milik,16,5.233778845410465
surabaya,23,4.870873351721097
mahal,35,4.451019506160833
sunset,27,4.710530701645918
rugi,5,6.396929655216146
blom,1,8.006367567650246
adeem,2,7.313220387090301
warna,22,4.915325114291931
full,4,6.620073206530356
lagi,1,8.006367567650246
jugaa,2,7.313220387090301
susah,14,5.367310238034988
dr,27,4.710530701645918
tubuh,1,8.006367567650246
bersiin,2,7.313220387090301
asik,27,4.710530701645918
refreshing,7,6.060457418594933
umum,1,8.006367567650246
kecewa,17,5.173154223594031
aroma,1,8.006367567650246
kencing,2,7.313220387090301
sedap,3,6.907755278982137
sanggat,1,8.006367567650246
anginya,2,7.313220387090301
cemaranyaa,1,8.006367567650246
lama,2,7.313220387090301
ciri,4,6.620073206530356
covid,3,6.907755278982137
pandemi,6,6.214608098422191
lambang,3,6.907755278982137
lombanng,1,8.006367567650246
drpd,4,6.620073206530356
palsu,6,6.214608098422191
cuy,3,6.907755278982137
gerbang,3,6.907755278982137
kenpa,1,8.006367567650246
mantul,11,5.608472294851876
wihhh,1,8.006367567650246
dongeng,1,8.006367567650246
tebar,1,8.006367567650246
persis,3,6.907755278982137
negri,2,7.313220387090301
dingin,15,5.298317366548036
lokal,15,5.298317366548036
mancanegara,3,6.907755278982137
istimewa,8,5.926926025970411
pantura,7,6.060457418594933
ramenya,1,8.006367567650246
weekdays,2,7.313220387090301
rekomendasi,15,5.298317366548036
mantab,15,5.298317366548036
bngt,4,6.620073206530356
dua,4,6.620073206530356
banyak,16,5.233778845410465
turun,24,4.8283137373023015
supermantap,1,8.006367567650246
gelap,4,6.620073206530356
magrip,1,8.006367567650246
terang,2,7.313220387090301
perhati,24,4.8283137373023015
mohon,3,6.907755278982137
padah,2,7.313220387090301
tunggang,1,8.006367567650246
fav,2,7.313220387090301
jejer,2,7.313220387090301
skitar,1,8.006367567650246
masyarakat,21,4.961845129926823
termakuk,1,8.006367567650246
hilang,11,5.608472294851876
unik,50,4.0943445622221
penat,9,5.809142990314028
lomba,2,7.313220387090301
ajak,5,6.396929655216146
ken,11,5.608472294851876
adakan,1,8.006367567650246
seruuu,1,8.006367567650246
manta,1,8.006367567650246
bagussss,3,6.907755278982137
pntai,2,7.313220387090301
p,2,7.313220387090301
toiletny,1,8.006367567650246
ditambahin,1,8.006367567650246
kerennnn,1,8.006367567650246
super,4,6.620073206530356
bnayak,1,8.006367567650246
saudara,2,7.313220387090301
laki,2,7.313220387090301
syukaa,1,8.006367567650246
rindu,1,8.006367567650246
mantan,2,7.313220387090301
bakar,53,4.036075654098125
malam,60,3.912023005428146
ajaib,10,5.703782474656201
hangat,9,5.809142990314028
api,154,2.9694149652366177
biru,21,4.961845129926823
merah,4,6.620073206530356
padam,73,3.7159081265018554
jagung,40,4.31748811353631
potensial,5,6.396929655216146
abadi,28,4.674163057475043
tulis,5,6.396929655216146
kreatif,2,7.313220387090301
nyala,31,4.5723803631651005
fenomena,14,5.367310238034988
terus,3,6.907755278982137
pdhl,2,7.313220387090301
dipagerin,2,7.313220387090301
tempt,1,8.006367567650246
belanja,10,5.703782474656201
instragamable,1,8.006367567650246
mushola,19,5.061928588483807
nusantara,4,6.620073206530356
kuasa,20,5.0106352940962555
limpah,3,6.907755278982137
kaya,9,5.809142990314028
tuhan,12,5.521460917862246
sebut,2,7.313220387090301
jeng,1,8.006367567650246
tlanakan,3,6.907755278982137
andal,6,6.214608098422191
daerak,1,8.006367567650246
motor,36,4.422848629194137
ponaan,1,8.006367567650246
gratis,15,5.298317366548036
allah,44,4.222177933731985
go,1,8.006367567650246
idzin,1,8.006367567650246
cipta,16,5.233778845410465
hidup,5,6.396929655216146
fenomenal,1,8.006367567650246
titik,7,6.060457418594933
aneka,3,6.907755278982137
barang,3,6.907755278982137
lindung,1,8.006367567650246
lbh,12,5.521460917862246
dsini,4,6.620073206530356
pesan,19,5.061928588483807
rada,2,7.313220387090301
gerimis,4,6.620073206530356
kdatangan,1,8.006367567650246
hasil,19,5.061928588483807
nawar,2,7.313220387090301
biar,28,4.674163057475043
fokus,1,8.006367567650246
alat,3,6.907755278982137
souvenir,9,5.809142990314028
pinter,6,6.214608098422191
pakai,44,4.222177933731985
tani,1,8.006367567650246
buah,7,6.060457418594933
kembang,21,4.961845129926823
dalem,4,6.620073206530356
panggang,1,8.006367567650246
kandang,1,8.006367567650246
tukang,15,5.298317366548036
sok,4,6.620073206530356
belah,13,5.44141821018871
kiri,7,6.060457418594933
jago,3,6.907755278982137
puluh,2,7.313220387090301
skali,1,8.006367567650246
ber,3,6.907755278982137
it,9,5.809142990314028
worth,8,5.926926025970411
kobar,2,7.313220387090301
antusias,1,8.006367567650246
saksi,2,7.313220387090301
sekitar,9,5.809142990314028
pikir,11,5.608472294851876
petis,3,6.907755278982137
lubabul,1,8.006367567650246
maha,5,6.396929655216146
fattah,1,8.006367567650246
rombong,15,5.298317366548036
pondok,4,6.620073206530356
homestay,5,6.396929655216146
objek,14,5.367310238034988
rumah,20,5.0106352940962555
pahar,1,8.006367567650246
muncul,5,6.396929655216146
jaguung,1,8.006367567650246
padaam,1,8.006367567650246
poolll,1,8.006367567650246
pegang,3,6.907755278982137
percaya,3,6.907755278982137
uang,18,5.115995809754082
dewasa,3,6.907755278982137
rasa,11,5.608472294851876
sembarang,9,5.809142990314028
debu,33,4.509860006183766
tuju,10,5.703782474656201
belnja,1,8.006367567650246
berekspektasi,2,7.313220387090301
rencana,3,6.907755278982137
ucap,2,7.313220387090301
usia,2,7.313220387090301
sentuh,7,6.060457418594933
kepala,3,6.907755278982137
kesan,17,5.173154223594031
klok,1,8.006367567650246
semua,1,8.006367567650246
sisi,6,6.214608098422191
g,12,5.521460917862246
rebus,3,6.907755278982137
guna,2,7.313220387090301
perlu,2,7.313220387090301
hari,4,6.620073206530356
habis,20,5.0106352940962555
masak,11,5.608472294851876
preman,9,5.809142990314028
oknum,4,6.620073206530356
gang,4,6.620073206530356
manfaat,7,6.060457418594933
obyek,9,5.809142990314028
dekat,5,6.396929655216146
baguss,8,5.926926025970411
salam,2,7.313220387090301
beneran,2,7.313220387090301
gosok,2,7.313220387090301
dihimpit,1,8.006367567650246
zaman,3,6.907755278982137
benderang,1,8.006367567650246
sovenir,4,6.620073206530356
lekang,1,8.006367567650246
ubah,10,5.703782474656201
madang,1,8.006367567650246
wiiih,1,8.006367567650246
terhadsp,1,8.006367567650246
bangett,6,6.214608098422191
yme,1,8.006367567650246
hamba,1,8.006367567650246
takjub,19,5.061928588483807
syukur,4,6.620073206530356
anugrah,3,6.907755278982137
desa,26,4.748271029628765
tokol,3,6.907755278982137
pariwisata,10,5.703782474656201
larang,5,6.396929655216146
satu,14,5.367310238034988
gede,8,5.926926025970411
sebar,2,7.313220387090301
tangan,5,6.396929655216146
camat,10,5.703782474656201
toelet,1,8.006367567650246
nyembur,1,8.006367567650246
edukasi,4,6.620073206530356
bingung,2,7.313220387090301
gapura,3,6.907755278982137
rp,19,5.061928588483807
utama,9,5.809142990314028
selasa,2,7.313220387090301
gas,10,5.703782474656201
sisa,6,6.214608098422191
rupiah,5,6.396929655216146
pasuk,4,6.620073206530356
jaja,1,8.006367567650246
aksesoris,2,7.313220387090301
pelihara,4,6.620073206530356
guyur,4,6.620073206530356
icon,4,6.620073206530356
bijak,1,8.006367567650246
ruuaar,1,8.006367567650246
masya,2,7.313220387090301
mashaallah,1,8.006367567650246
tengkar,1,8.006367567650246
sbelum,1,8.006367567650246
paksa,4,6.620073206530356
sampek,5,6.396929655216146
hrgnya,1,8.006367567650246
papas,5,6.396929655216146
sempit,13,5.44141821018871
restribusi,1,8.006367567650246
ayo,3,6.907755278982137
tinggal,17,5.173154223594031
elpiji,1,8.006367567650246
korek,6,6.214608098422191
tajem,1,8.006367567650246
cmn,6,6.214608098422191
ckckc,1,8.006367567650246
dlm,3,6.907755278982137
in,7,6.060457418594933
kasi,5,6.396929655216146
dar,12,5.521460917862246
mantik,1,8.006367567650246
konon,3,6.907755278982137
swt,9,5.809142990314028
teliti,3,6.907755278982137
akal,2,7.313220387090301
manusia,4,6.620073206530356
ufuk,2,7.313220387090301
barat,7,6.060457418594933
bahan,7,6.060457418594933
pusat,10,5.703782474656201
gelinding,1,8.006367567650246
rajin,3,6.907755278982137
bumi,9,5.809142990314028
banding,9,5.809142990314028
datang,9,5.809142990314028
aneh,4,6.620073206530356
tunggu,4,6.620073206530356
mentari,2,7.313220387090301
jauh,4,6.620073206530356
raya,17,5.173154223594031
toko,9,5.809142990314028
bayang,1,8.006367567650246
sewah,1,8.006367567650246
sekian,5,6.396929655216146
dunia,5,6.396929655216146
langka,5,6.396929655216146
masyaallah,4,6.620073206530356
profesional,5,6.396929655216146
semangat,3,6.907755278982137
kagum,8,5.926926025970411
agung,4,6.620073206530356
selfi,8,5.926926025970411
place,3,6.907755278982137
good,5,6.396929655216146
gusti,2,7.313220387090301
sek,1,8.006367567650246
minyak,5,6.396929655216146
waaah,1,8.006367567650246
dompet,3,6.907755278982137
perut,5,6.396929655216146
yaa,6,6.214608098422191
isi,11,5.608472294851876
insyaallah,5,6.396929655216146
kuliner,28,4.674163057475043
maknyus,3,6.907755278982137
recomendet,1,8.006367567650246
cegat,2,7.313220387090301
deket,6,6.214608098422191
natural,3,6.907755278982137
besama,1,8.006367567650246
sesubageet,1,8.006367567650246
istri,4,6.620073206530356
jelang,6,6.214608098422191
petang,1,8.006367567650246
kios,5,6.396929655216146
pnjual,1,8.006367567650246
teraedia,1,8.006367567650246
bis,7,6.060457418594933
dimadura,4,6.620073206530356
faktor,1,8.006367567650246
kental,1,8.006367567650246
iklim,1,8.006367567650246
adat,2,7.313220387090301
sja,2,7.313220387090301
tradisional,5,6.396929655216146
sejarah,9,5.809142990314028
papan,4,6.620073206530356
bang,2,7.313220387090301
congkel,2,7.313220387090301
musim,33,4.509860006183766
kandung,1,8.006367567650246
tunjuk,10,5.703782474656201
makna,2,7.313220387090301
eh,3,6.907755278982137
suangar,1,8.006367567650246
komentar,2,7.313220387090301
hmm,1,8.006367567650246
manis,9,5.809142990314028
renung,2,7.313220387090301
tips,1,8.006367567650246
mateng,1,8.006367567650246
kes,10,5.703782474656201
sumber,5,6.396929655216146
asal,9,5.809142990314028
kepeng,1,8.006367567650246
pribadi,8,5.926926025970411
doang,3,6.907755278982137
besok,1,8.006367567650246
rekomend,2,7.313220387090301
ulas,3,6.907755278982137
gakak,1,8.006367567650246
baca,2,7.313220387090301
sigitu,1,8.006367567650246
susul,1,8.006367567650246
dulur,1,8.006367567650246
jarang,14,5.367310238034988
ciamik,1,8.006367567650246
nuansa,3,6.907755278982137
tkp,4,6.620073206530356
tertib,4,6.620073206530356
ksana,4,6.620073206530356
tu,2,7.313220387090301
trsbut,1,8.006367567650246
pungli,37,4.395449655006022
kmren,1,8.006367567650246
risih,2,7.313220387090301
bwa,2,7.313220387090301
kucing,2,7.313220387090301
tai,1,8.006367567650246
map,7,6.060457418594933
sesat,1,8.006367567650246
kirain,1,8.006367567650246
mter,1,8.006367567650246
raga,1,8.006367567650246
olah,1,8.006367567650246
dng,1,8.006367567650246
nasional,7,6.060457418594933
sampa,1,8.006367567650246
menabjubkan,1,8.006367567650246
geh,1,8.006367567650246
family,4,6.620073206530356
ter,6,6.214608098422191
udeng,1,8.006367567650246
tk,2,7.313220387090301
sya,2,7.313220387090301
maturnuwun,1,8.006367567650246
ma,2,7.313220387090301
barokah,6,6.214608098422191
sebenarnga,1,8.006367567650246
akan,3,6.907755278982137
yaaa,5,6.396929655216146
diitungnya,1,8.006367567650246
buset,1,8.006367567650246
he,10,5.703782474656201
gapernah,1,8.006367567650246
mangga,23,4.870873351721097
domestik,1,8.006367567650246
sarana,9,5.809142990314028
prasarana,2,7.313220387090301
internasional,1,8.006367567650246
dekorasi,1,8.006367567650246
benah,11,5.608472294851876
cobek,1,8.006367567650246
semen,1,8.006367567650246
pisau,2,7.313220387090301
tetua,2,7.313220387090301
global,1,8.006367567650246
inovasi,1,8.006367567650246
sambut,3,6.907755278982137
senyum,3,6.907755278982137
refresing,4,6.620073206530356
tembak,1,8.006367567650246
branta,1,8.006367567650246
ikan,17,5.173154223594031
padanm,1,8.006367567650246
dermaga,3,6.907755278982137
jenuh,1,8.006367567650246
menghikangkan,1,8.006367567650246
barbeque,1,8.006367567650246
temu,9,5.809142990314028
maih,1,8.006367567650246
keluardari,1,8.006367567650246
stand,2,7.313220387090301
hebat,3,6.907755278982137
muka,4,6.620073206530356
uni,4,6.620073206530356
sembur,3,6.907755278982137
reaksi,1,8.006367567650246
wow,2,7.313220387090301
sesar,1,8.006367567650246
reta,1,8.006367567650246
kulit,4,6.620073206530356
si,8,5.926926025970411
anting,1,8.006367567650246
galak,4,6.620073206530356
pasang,12,5.521460917862246
plat,3,6.907755278982137
waspada,1,8.006367567650246
mentang,2,7.313220387090301
wajah,2,7.313220387090301
lorjuk,1,8.006367567650246
uenakk,1,8.006367567650246
klau,2,7.313220387090301
kayu,1,8.006367567650246
pasar,8,5.926926025970411
emang,19,5.061928588483807
gin,5,6.396929655216146
retribusi,7,6.060457418594933
areal,3,6.907755278982137
luar,6,6.214608098422191
sepeda,9,5.809142990314028
cinderamata,1,8.006367567650246
lho,5,6.396929655216146
lahir,1,8.006367567650246
dinas,1,8.006367567650246
januari,1,8.006367567650246
membebasakan,1,8.006367567650246
pungut,7,6.060457418594933
dramatis,1,8.006367567650246
daganganya,1,8.006367567650246
nasi,54,4.017383521085972
situs,3,6.907755278982137
kakek,1,8.006367567650246
nenek,1,8.006367567650246
wiskul,1,8.006367567650246
nyobain,5,6.396929655216146
alternatif,7,6.060457418594933
kampung,12,5.521460917862246
sbg,1,8.006367567650246
tanggung,2,7.313220387090301
tugas,6,6.214608098422191
kendara,18,5.115995809754082
kumuh,4,6.620073206530356
bentuk,18,5.115995809754082
sini,1,8.006367567650246
cukupu,1,8.006367567650246
pendudukx,1,8.006367567650246
tamah,2,7.313220387090301
kluar,2,7.313220387090301
sadar,5,6.396929655216146
sopan,2,7.313220387090301
amin,2,7.313220387090301
batas,10,5.703782474656201
merusakpondasi,1,8.006367567650246
lampau,1,8.006367567650246
joss,2,7.313220387090301
sesal,2,7.313220387090301
penmbayaran,1,8.006367567650246
kantong,10,5.703782474656201
bolong,1,8.006367567650246
non,3,6.907755278982137
stop,3,6.907755278982137
timbang,1,8.006367567650246
rapih,2,7.313220387090301
lap,1,8.006367567650246
lobang,1,8.006367567650246
neng,3,6.907755278982137
untuk,1,8.006367567650246
netizen,1,8.006367567650246
sesuau,1,8.006367567650246
gugur,1,8.006367567650246
sanagat,2,7.313220387090301
awas,6,6.214608098422191
hamid,1,8.006367567650246
mbh,1,8.006367567650246
makam,66,3.816712825623821
ziaroh,4,6.620073206530356
pasuruan,1,8.006367567650246
mbah,6,6.214608098422191
alun,1,8.006367567650246
loket,5,6.396929655216146
myaman,1,8.006367567650246
blanja,1,8.006367567650246
tempa,1,8.006367567650246
karya,2,7.313220387090301
parang,1,8.006367567650246
clurit,1,8.006367567650246
situ,5,6.396929655216146
urus,5,6.396929655216146
sptnya,1,8.006367567650246
cerita,2,7.313220387090301
ruang,4,6.620073206530356
gores,1,8.006367567650246
mukjizat,1,8.006367567650246
benda,1,8.006367567650246
mengeluarkaan,1,8.006367567650246
murrrahhh,1,8.006367567650246
ribuh,1,8.006367567650246
souvernir,1,8.006367567650246
guide,7,6.060457418594933
order,7,6.060457418594933
hajat,2,7.313220387090301
roti,1,8.006367567650246
layan,64,3.847484484290575
very,3,6.907755278982137
sunggu,2,7.313220387090301
promosi,2,7.313220387090301
nataru,1,8.006367567650246
m,6,6.214608098422191
diameter,1,8.006367567650246
entertainnya,1,8.006367567650246
kemas,2,7.313220387090301
tari,3,6.907755278982137
dipamekasan,1,8.006367567650246
pindah,1,8.006367567650246
rampok,2,7.313220387090301
mantapp,7,6.060457418594933
walao,1,8.006367567650246
apa,5,6.396929655216146
lebat,1,8.006367567650246
atur,6,6.214608098422191
pon,1,8.006367567650246
ekonimis,1,8.006367567650246
plakat,1,8.006367567650246
tanda,4,6.620073206530356
alhamdulillah,21,4.961845129926823
asyiiikk,1,8.006367567650246
mang,1,8.006367567650246
rest,4,6.620073206530356
jemur,1,8.006367567650246
nice,6,6.214608098422191
dech,3,6.907755278982137
emis,3,6.907755278982137
romantis,3,6.907755278982137
mator,1,8.006367567650246
saklangkong,1,8.006367567650246
merapen,1,8.006367567650246
suvenir,3,6.907755278982137
suruh,9,5.809142990314028
iur,2,7.313220387090301
tindih,2,7.313220387090301
tapa,1,8.006367567650246
bukti,4,6.620073206530356
senantiasa,1,8.006367567650246
stw,1,8.006367567650246
batik,1,8.006367567650246
pad,1,8.006367567650246
dsana,1,8.006367567650246
cetak,1,8.006367567650246
beraklak,1,8.006367567650246
beril,1,8.006367567650246
santri,1,8.006367567650246
akademik,1,8.006367567650246
nyata,3,6.907755278982137
sofener,1,8.006367567650246
bgus,3,6.907755278982137
produksi,1,8.006367567650246
sepiiii,1,8.006367567650246
sip,4,6.620073206530356
mlm,3,6.907755278982137
ksni,2,7.313220387090301
asana,1,8.006367567650246
legend,1,8.006367567650246
yah,3,6.907755278982137
kuwasa,1,8.006367567650246
berkah,7,6.060457418594933
ilahi,1,8.006367567650246
narikin,1,8.006367567650246
film,1,8.006367567650246
nonton,1,8.006367567650246
baka,1,8.006367567650246
nyamn,1,8.006367567650246
untungx,2,7.313220387090301
nyampek,3,6.907755278982137
krna,2,7.313220387090301
andai,2,7.313220387090301
lembaga,1,8.006367567650246
kuat,3,6.907755278982137
sholat,12,5.521460917862246
parkinya,1,8.006367567650246
gersang,4,6.620073206530356
apinx,1,8.006367567650246
fakta,1,8.006367567650246
bersantuy,1,8.006367567650246
yaaaa,2,7.313220387090301
moloh,1,8.006367567650246
ekonomi,7,6.060457418594933
angkat,1,8.006367567650246
waru,1,8.006367567650246
ajah,1,8.006367567650246
curang,1,8.006367567650246
ngasi,1,8.006367567650246
paku,1,8.006367567650246
hits,3,6.907755278982137
pamrkasan,1,8.006367567650246
iki,1,8.006367567650246
phonix,1,8.006367567650246
trsedia,1,8.006367567650246
sippp,1,8.006367567650246
josssss,1,8.006367567650246
wujud,1,8.006367567650246
alloh,2,7.313220387090301
asyiik,2,7.313220387090301
fun,1,8.006367567650246
truk,14,5.367310238034988
sopir,2,7.313220387090301
oleng,1,8.006367567650246
menabjupkan,1,8.006367567650246
ziarah,47,4.156219965940188
asiiin,1,8.006367567650246
e,9,5.809142990314028
lahh,1,8.006367567650246
semesta,2,7.313220387090301
oengunjungnya,1,8.006367567650246
sx,1,8.006367567650246
hehehehe,1,8.006367567650246
ngangetin,1,8.006367567650246
plus,7,6.060457418594933
recomended,10,5.703782474656201
jiwa,6,6.214608098422191
ckup,4,6.620073206530356
monoton,1,8.006367567650246
mah,4,6.620073206530356
sna,1,8.006367567650246
gunung,18,5.115995809754082
kumjum,1,8.006367567650246
nympek,1,8.006367567650246
apik,2,7.313220387090301
minta,1,8.006367567650246
bumbu,13,5.44141821018871
rempah,6,6.214608098422191
goda,1,8.006367567650246
mikat,1,8.006367567650246
bebek,207,2.6736487743848776
waris,2,7.313220387090301
proses,2,7.313220387090301
sinjay,51,4.074541934925921
empuk,37,4.395449655006022
cita,2,7.313220387090301
selera,9,5.809142990314028
resap,4,6.620073206530356
daging,16,5.233778845410465
lezat,2,7.313220387090301
lidah,5,6.396929655216146
khawatir,8,5.926926025970411
cabang,21,4.961845129926823
bangkal,49,4.11454726953962
antri,32,4.54063166485052
sepertu,1,8.006367567650246
sambal,56,3.9810158769150976
seger,7,6.060457418594933
musollah,1,8.006367567650246
strategis,10,5.703782474656201
tipe,3,6.907755278982137
ragu,11,5.608472294851876
cit,35,4.451019506160833
kering,20,5.0106352940962555
porsi,37,4.395449655006022
outdoor,2,7.313220387090301
gurih,14,5.367310238034988
garing,5,6.396929655216146
kakak,17,5.173154223594031
perempuan,17,5.173154223594031
milih,3,6.907755278982137
sambel,28,4.674163057475043
gausah,2,7.313220387090301
mineral,4,6.620073206530356
special,2,7.313220387090301
standard,1,8.006367567650246
nothing,1,8.006367567650246
pedas,11,5.608472294851876
saji,16,5.233778845410465
sambelnya,13,5.44141821018871
sinay,1,8.006367567650246
space,2,7.313220387090301
roda,4,6.620073206530356
segitu,2,7.313220387090301
paket,11,5.608472294851876
ayam,20,5.0106352940962555
jeruk,7,6.060457418594933
sistem,4,6.620073206530356
konter,1,8.006367567650246
standby,1,8.006367567650246
paha,6,6.214608098422191
mesan,1,8.006367567650246
piring,10,5.703782474656201
karyawan,7,6.060457418594933
keras,5,6.396929655216146
dada,3,6.907755278982137
kasir,16,5.233778845410465
nlusur,1,8.006367567650246
prengus,1,8.006367567650246
tenggorok,1,8.006367567650246
kenyel,1,8.006367567650246
kunyah,2,7.313220387090301
kulitmya,1,8.006367567650246
serat,1,8.006367567650246
cma,3,6.907755278982137
standart,3,6.907755278982137
botol,2,7.313220387090301
cumn,1,8.006367567650246
krena,1,8.006367567650246
sran,1,8.006367567650246
skrng,1,8.006367567650246
sambah,1,8.006367567650246
settok,1,8.006367567650246
awai,1,8.006367567650246
gantung,4,6.620073206530356
high,1,8.006367567650246
kipas,2,7.313220387090301
tambahin,2,7.313220387090301
karyawannya,3,6.907755278982137
ufah,1,8.006367567650246
turut,5,6.396929655216146
nyicipin,1,8.006367567650246
sawah,6,6.214608098422191
sah,1,8.006367567650246
open,1,8.006367567650246
konsep,4,6.620073206530356
datangin,1,8.006367567650246
dapetnya,2,7.313220387090301
untung,7,6.060457418594933
okey,1,8.006367567650246
kolesterol,1,8.006367567650246
goreng,29,4.639071737663773
jujugan,1,8.006367567650246
pedesnya,1,8.006367567650246
enaaak,1,8.006367567650246
ngangenin,3,6.907755278982137
bangets,1,8.006367567650246
panjaaaaang,1,8.006367567650246
naum,1,8.006367567650246
muehehe,1,8.006367567650246
poll,3,6.907755278982137
cao,1,8.006367567650246
water,1,8.006367567650246
tanggal,6,6.214608098422191
pelit,3,6.907755278982137
sinjaynya,3,6.907755278982137
sarap,3,6.907755278982137
set,1,8.006367567650246
sat,1,8.006367567650246
ready,4,6.620073206530356
meja,19,5.061928588483807
bawain,1,8.006367567650246
lauk,5,6.396929655216146
siap,6,6.214608098422191
rekomen,7,6.060457418594933
bangan,2,7.313220387090301
lantai,3,6.907755278982137
lalat,3,6.907755278982137
juara,6,6.214608098422191
musolah,2,7.313220387090301
toppingnya,1,8.006367567650246
kremesnya,3,6.907755278982137
leseh,7,6.060457418594933
kondangan,1,8.006367567650246
model,2,7.313220387090301
sampang,21,4.961845129926823
panggung,1,8.006367567650246
adek,1,8.006367567650246
banking,1,8.006367567650246
nikah,2,7.313220387090301
cash,1,8.006367567650246
service,4,6.620073206530356
sen,2,7.313220387090301
self,5,6.396929655216146
potong,8,5.926926025970411
nunggunya,1,8.006367567650246
nomor,2,7.313220387090301
panggil,2,7.313220387090301
speaker,1,8.006367567650246
samping,9,5.809142990314028
diri,5,6.396929655216146
antre,4,6.620073206530356
urut,1,8.006367567650246
cuek,2,7.313220387090301
lombok,2,7.313220387090301
telpon,1,8.006367567650246
sekarepan,1,8.006367567650246
merespon,1,8.006367567650246
sibuk,3,6.907755278982137
rasanyaaaa,1,8.006367567650246
pedasssss,1,8.006367567650246
kecut,2,7.313220387090301
musholah,1,8.006367567650246
overall,3,6.907755278982137
nampol,2,7.313220387090301
kemarin,14,5.367310238034988
perdana,1,8.006367567650246
bubuk,1,8.006367567650246
tabur,1,8.006367567650246
serundeng,1,8.006367567650246
kedondongl,1,8.006367567650246
sederhana,5,6.396929655216146
plecitnya,1,8.006367567650246
mantaaaapppp,1,8.006367567650246
suramadu,30,4.605170185988092
gilaaaaa,1,8.006367567650246
sengaja,2,7.313220387090301
berapa,1,8.006367567650246
dilewatin,2,7.313220387090301
tahu,1,8.006367567650246
surabadu,1,8.006367567650246
irang,1,8.006367567650246
ngantrinya,2,7.313220387090301
jembatan,17,5.173154223594031
lalet,1,8.006367567650246
gadikasih,1,8.006367567650246
canda,1,8.006367567650246
kariyawannya,1,8.006367567650246
minus,6,6.214608098422191
segi,4,6.620073206530356
bagi,4,6.620073206530356
takut,7,6.060457418594933
refill,1,8.006367567650246
ukur,10,5.703782474656201
wareg,1,8.006367567650246
ngomong-ngomong,2,7.313220387090301
padu,8,5.926926025970411
gabisa,2,7.313220387090301
auto,2,7.313220387090301
wenakk,1,8.006367567650246
gausa,1,8.006367567650246
ain,1,8.006367567650246
resto,15,5.298317366548036
punel,3,6.907755278982137
tekstur,2,7.313220387090301
pucuk,3,6.907755278982137
terima,8,5.926926025970411
tunai,1,8.006367567650246
imut,1,8.006367567650246
mukena,4,6.620073206530356
musolanya,1,8.006367567650246
fast,2,7.313220387090301
food,4,6.620073206530356
wkwk,5,6.396929655216146
gercep,1,8.006367567650246
pulen,2,7.313220387090301
jauuuhhhh,1,8.006367567650246
tangkel,1,8.006367567650246
ampela,3,6.907755278982137
tampung,3,6.907755278982137
gigit,3,6.907755278982137
sukses,3,6.907755278982137
korban,2,7.313220387090301
fresh,2,7.313220387090301
masker,17,5.173154223594031
lemak,3,6.907755278982137
eneg,1,8.006367567650246
prima,1,8.006367567650246
standartlah,1,8.006367567650246
cepett,1,8.006367567650246
kerja,9,5.809142990314028
pencittnyaa,1,8.006367567650246
mahh,1,8.006367567650246
termatappp,1,8.006367567650246
favoriteee,1,8.006367567650246
pegawai,5,6.396929655216146
juaraaa,1,8.006367567650246
gaisss,1,8.006367567650246
agam,2,7.313220387090301
cah,1,8.006367567650246
pamflet,1,8.006367567650246
hidang,4,6.620073206530356
kangkung,1,8.006367567650246
enaaaaak,1,8.006367567650246
luaaaas,1,8.006367567650246
puaaaaas,1,8.006367567650246
nyuus,1,8.006367567650246
maksi,1,8.006367567650246
rela,2,7.313220387090301
tumben,2,7.313220387090301
pedes,7,6.060457418594933
online,2,7.313220387090301
buruk,7,6.060457418594933
enakk,2,7.313220387090301
sinjalnya,1,8.006367567650246
kualitas,3,6.907755278982137
lambat,5,6.396929655216146
staff,3,6.907755278982137
golong,6,6.214608098422191
alot,2,7.313220387090301
nambah,3,6.907755278982137
nomer,1,8.006367567650246
syok,1,8.006367567650246
chaos,1,8.006367567650246
nyangka,2,7.313220387090301
crowded,1,8.006367567650246
keluh,1,8.006367567650246
asin,4,6.620073206530356
renyah,2,7.313220387090301
mantappp,1,8.006367567650246
representatif,2,7.313220387090301
jangsn,1,8.006367567650246
musala,1,8.006367567650246
gerai,1,8.006367567650246
juli,1,8.006367567650246
kad,1,8.006367567650246
variasi,3,6.907755278982137
kopi,4,6.620073206530356
type,1,8.006367567650246
pelopor,1,8.006367567650246
sumbangsih,1,8.006367567650246
efek,2,7.313220387090301
domino,1,8.006367567650246
masakan,14,5.367310238034988
kremes,3,6.907755278982137
kuliber,1,8.006367567650246
wudhu,9,5.809142990314028
kirim,2,7.313220387090301
nunggu,13,5.44141821018871
gudang,1,8.006367567650246
stok,2,7.313220387090301
customer,2,7.313220387090301
kereta,1,8.006367567650246
refund,1,8.006367567650246
sikap,1,8.006367567650246
long,3,6.907755278982137
metode,1,8.006367567650246
jos,2,7.313220387090301
restoran,6,6.214608098422191
megah,12,5.521460917862246
bosen,2,7.313220387090301
far,3,6.907755278982137
best,3,6.907755278982137
servicenya,1,8.006367567650246
the,2,7.313220387090301
poko,1,8.006367567650246
kecap,2,7.313220387090301
must,2,7.313220387090301
mdr,1,8.006367567650246
sby,2,7.313220387090301
delicious,1,8.006367567650246
undoubtedly,1,8.006367567650246
try,1,8.006367567650246
konsumen,3,6.907755278982137
dapur,2,7.313220387090301
kecil,2,7.313220387090301
bebarapa,1,8.006367567650246
asam,3,6.907755278982137
kursi,3,6.907755278982137
atap,1,8.006367567650246
tikus,3,6.907755278982137
rokok,3,6.907755278982137
liar,7,6.060457418594933
bawah,5,6.396929655216146
level,1,8.006367567650246
away,3,6.907755278982137
include,2,7.313220387090301
take,5,6.396929655216146
dine,2,7.313220387090301
hrga,2,7.313220387090301
lezay,1,8.006367567650246
menuhin,1,8.006367567650246
maknyosss,1,8.006367567650246
pertamakali,2,7.313220387090301
overrated,1,8.006367567650246
ular,2,7.313220387090301
enduullll,1,8.006367567650246
tulang,6,6.214608098422191
tumpuk,2,7.313220387090301
mindahin,1,8.006367567650246
pelayananya,3,6.907755278982137
bngett,1,8.006367567650246
sonjay,1,8.006367567650246
citra,2,7.313220387090301
banyaak,1,8.006367567650246
closed,1,8.006367567650246
narik,1,8.006367567650246
murmer,4,6.620073206530356
dengar,1,8.006367567650246
usaha,3,6.907755278982137
rating,2,7.313220387090301
manajemen,1,8.006367567650246
sterofoam,1,8.006367567650246
hahaha,2,7.313220387090301
bebeknyacocok,1,8.006367567650246
kenyang,3,6.907755278982137
normal,2,7.313220387090301
wastafel,1,8.006367567650246
ampiran,2,7.313220387090301
hubung,2,7.313220387090301
konsisten,1,8.006367567650246
mana,1,8.006367567650246
ngeprul,1,8.006367567650246
mushollah,2,7.313220387090301
kriuk,2,7.313220387090301
peda,1,8.006367567650246
plafon,1,8.006367567650246
amis,3,6.907755278982137
berisik,2,7.313220387090301
sedot,2,7.313220387090301
nguantri,1,8.006367567650246
tissue,1,8.006367567650246
pramusaji,2,7.313220387090301
mantabs,1,8.006367567650246
enakbnget,1,8.006367567650246
lagiiii,1,8.006367567650246
kategori,1,8.006367567650246
mlh,1,8.006367567650246
mknan,2,7.313220387090301
dkomplen,1,8.006367567650246
dmintain,1,8.006367567650246
marah,2,7.313220387090301
bebeknyaaaa,1,8.006367567650246
mangstaphh,1,8.006367567650246
wih,1,8.006367567650246
tusuk,2,7.313220387090301
tisu,7,6.060457418594933
gigi,2,7.313220387090301
yahud,1,8.006367567650246
krispy,1,8.006367567650246
burneh,1,8.006367567650246
belia,1,8.006367567650246
nendang,1,8.006367567650246
basah,3,6.907755278982137
sinjai,7,6.060457418594933
endolita,1,8.006367567650246
pintu,12,5.521460917862246
varian,3,6.907755278982137
bulu,1,8.006367567650246
hp,3,6.907755278982137
dicuekin,1,8.006367567650246
males,3,6.907755278982137
sambi,1,8.006367567650246
sidoarjo,2,7.313220387090301
muantul,1,8.006367567650246
heboh,1,8.006367567650246
pemcit,1,8.006367567650246
b,5,6.396929655216146
medsos,2,7.313220387090301
monggo,1,8.006367567650246
doyo,1,8.006367567650246
parkit,1,8.006367567650246
panjenengan,1,8.006367567650246
populer,2,7.313220387090301
rakyat,3,6.907755278982137
crispy,1,8.006367567650246
nyus,1,8.006367567650246
aelain,1,8.006367567650246
legenda,2,7.313220387090301
yahoot,1,8.006367567650246
pakir,1,8.006367567650246
biasa,2,7.313220387090301
beban,2,7.313220387090301
free,5,6.396929655216146
henti,3,6.907755278982137
mskan,1,8.006367567650246
higienis,1,8.006367567650246
lunak,2,7.313220387090301
duit,4,6.620073206530356
macet,2,7.313220387090301
blega,1,8.006367567650246
futuristik,1,8.006367567650246
musholahnya,1,8.006367567650246
galis,1,8.006367567650246
cilacap,1,8.006367567650246
h,1,8.006367567650246
mecicipi,1,8.006367567650246
fit,1,8.006367567650246
idul,1,8.006367567650246
serama,2,7.313220387090301
biasah,1,8.006367567650246
fress,2,7.313220387090301
gula,1,8.006367567650246
musholanya,2,7.313220387090301
uda,3,6.907755278982137
cekat,1,8.006367567650246
nagih,1,8.006367567650246
cewek,1,8.006367567650246
peessen,1,8.006367567650246
uuaaaantriii,1,8.006367567650246
siiih,1,8.006367567650246
beranta,2,7.313220387090301
gmn,2,7.313220387090301
citarasa,1,8.006367567650246
hri,1,8.006367567650246
ampunnn,1,8.006367567650246
bbrpa,1,8.006367567650246
kyak,1,8.006367567650246
nyesek,1,8.006367567650246
klu,3,6.907755278982137
buanget,1,8.006367567650246
sperti,5,6.396929655216146
puasa,2,7.313220387090301
sebelas,1,8.006367567650246
belas,1,8.006367567650246
rm,2,7.313220387090301
extra,2,7.313220387090301
cuka,1,8.006367567650246
tembok,1,8.006367567650246
minumanya,1,8.006367567650246
gelas,1,8.006367567650246
dibayarin,1,8.006367567650246
jujur,3,6.907755278982137
rezeki,1,8.006367567650246
maaf,2,7.313220387090301
serombong,1,8.006367567650246
jm,4,6.620073206530356
laper,3,6.907755278982137
mggu,1,8.006367567650246
gilas,1,8.006367567650246
markotop,2,7.313220387090301
yahuiii,1,8.006367567650246
diikiiit,1,8.006367567650246
nmbah,1,8.006367567650246
rizky,1,8.006367567650246
plis,1,8.006367567650246
maknyooozz,1,8.006367567650246
fastfood,1,8.006367567650246
kapasitas,2,7.313220387090301
masakanya,1,8.006367567650246
custom,1,8.006367567650246
alangkah,2,7.313220387090301
gg,1,8.006367567650246
gtu,2,7.313220387090301
ati,3,6.907755278982137
mungil,1,8.006367567650246
ganti,4,6.620073206530356
sebrang,2,7.313220387090301
ibadah,9,5.809142990314028
rehat,1,8.006367567650246
rebah,1,8.006367567650246
infrastruktur,2,7.313220387090301
trllu,3,6.907755278982137
skdr,1,8.006367567650246
cakep,10,5.703782474656201
loksiny,1,8.006367567650246
bebeke,1,8.006367567650246
smpk,1,8.006367567650246
tlng,1,8.006367567650246
panjng,1,8.006367567650246
dtmbh,1,8.006367567650246
pol,1,8.006367567650246
ngntri,1,8.006367567650246
tmptny,1,8.006367567650246
gara,1,8.006367567650246
banting,1,8.006367567650246
etika,1,8.006367567650246
interios,1,8.006367567650246
sigap,1,8.006367567650246
bangkalam,1,8.006367567650246
belok,2,7.313220387090301
kanan,4,6.620073206530356
tiga,6,6.214608098422191
pom,2,7.313220387090301
bensin,2,7.313220387090301
lurus,2,7.313220387090301
pelan,1,8.006367567650246
rasanyaa,1,8.006367567650246
pelesir,1,8.006367567650246
latih,2,7.313220387090301
which,1,8.006367567650246
is,1,8.006367567650246
siip,1,8.006367567650246
baanget,1,8.006367567650246
krg,3,6.907755278982137
trmpatnya,1,8.006367567650246
lai,1,8.006367567650246
buanyaaaaaakkk,1,8.006367567650246
trll,1,8.006367567650246
kerupuk,1,8.006367567650246
doyan,1,8.006367567650246
gugah,2,7.313220387090301
topping,1,8.006367567650246
mantabb,1,8.006367567650246
nyebrang,11,5.608472294851876
kta,1,8.006367567650246
leher,1,8.006367567650246
dpet,2,7.313220387090301
soan,1,8.006367567650246
serasa,7,6.060457418594933
lumyan,1,8.006367567650246
hafal,1,8.006367567650246
deres,3,6.907755278982137
ujan,3,6.907755278982137
punggung,1,8.006367567650246
az,1,8.006367567650246
mud,3,6.907755278982137
cobain,2,7.313220387090301
juauh,1,8.006367567650246
uenak,1,8.006367567650246
enk,1,8.006367567650246
gemar,3,6.907755278982137
handphone,1,8.006367567650246
telantar,1,8.006367567650246
ngilang,1,8.006367567650246
nungguin,1,8.006367567650246
ekspetasi,1,8.006367567650246
nyoba,1,8.006367567650246
tolak,1,8.006367567650246
daftar,2,7.313220387090301
meberikan,1,8.006367567650246
krasan,1,8.006367567650246
ac,5,6.396929655216146
duingin,1,8.006367567650246
artistik,6,6.214608098422191
bahagia,6,6.214608098422191
santam,1,8.006367567650246
sembilan,36,4.422848629194137
menyebrangi,2,7.313220387090301
innalillahi,1,8.006367567650246
gedung,1,8.006367567650246
gemuk,1,8.006367567650246
menang,1,8.006367567650246
wis,1,8.006367567650246
sampel,1,8.006367567650246
hemm,1,8.006367567650246
bingit,2,7.313220387090301
mantaaff,1,8.006367567650246
bebej,1,8.006367567650246
mantaap,1,8.006367567650246
bersiih,1,8.006367567650246
empuuk,1,8.006367567650246
servis,1,8.006367567650246
tenaga,1,8.006367567650246
makab,1,8.006367567650246
anti,1,8.006367567650246
masjid,45,4.199705077879927
gerombol,1,8.006367567650246
tnya,1,8.006367567650246
prediksi,1,8.006367567650246
informatif,1,8.006367567650246
jawab,1,8.006367567650246
laah,2,7.313220387090301
topmarkotopppp,1,8.006367567650246
kondang,1,8.006367567650246
nampan,1,8.006367567650246
srrvice,1,8.006367567650246
ndk,1,8.006367567650246
mcd,1,8.006367567650246
ngelayanin,1,8.006367567650246
lewat,6,6.214608098422191
mas,5,6.396929655216146
vakum,1,8.006367567650246
utuh,2,7.313220387090301
usul,1,8.006367567650246
nilai,2,7.313220387090301
lngsng,2,7.313220387090301
tera,1,8.006367567650246
nota,1,8.006367567650246
becek,1,8.006367567650246
ulang,2,7.313220387090301
inc,1,8.006367567650246
johan,1,8.006367567650246
hitung,2,7.313220387090301
bangeet,1,8.006367567650246
presto,1,8.006367567650246
simpel,1,8.006367567650246
cust,1,8.006367567650246
rban,1,8.006367567650246
saking,1,8.006367567650246
melek,1,8.006367567650246
merem,1,8.006367567650246
maret,2,7.313220387090301
keteng,1,8.006367567650246
home,2,7.313220387090301
cozy,1,8.006367567650246
matang,1,8.006367567650246
ulet,1,8.006367567650246
ukuranya,1,8.006367567650246
pilar,1,8.006367567650246
lari,1,8.006367567650246
besi,1,8.006367567650246
endul,1,8.006367567650246
hang,1,8.006367567650246
empukkk,1,8.006367567650246
engga,4,6.620073206530356
enakkkkkk,1,8.006367567650246
apalgi,1,8.006367567650246
bange,1,8.006367567650246
alesan,1,8.006367567650246
takeaway,1,8.006367567650246
mules,1,8.006367567650246
oenambahan,1,8.006367567650246
buanyakk,1,8.006367567650246
crew,1,8.006367567650246
soo,2,7.313220387090301
cpk,1,8.006367567650246
kasihan,2,7.313220387090301
pergi,8,5.926926025970411
cantum,1,8.006367567650246
panaaas,1,8.006367567650246
kenan,1,8.006367567650246
sponshor,1,8.006367567650246
persetan,1,8.006367567650246
tim,1,8.006367567650246
fc,1,8.006367567650246
kyai,1,8.006367567650246
a,3,6.907755278982137
do,2,7.313220387090301
kholil,33,4.509860006183766
simbah,1,8.006367567650246
syaikhona,23,4.870873351721097
viewnya,11,5.608472294851876
halaman,3,6.907755278982137
namum,1,8.006367567650246
interior,2,7.313220387090301
sampinh,1,8.006367567650246
jaya,1,8.006367567650246
tiker,1,8.006367567650246
gamuat,1,8.006367567650246
magrib,1,8.006367567650246
terop,1,8.006367567650246
tuh,2,7.313220387090301
pengunjungnyaa,1,8.006367567650246
kanopi,1,8.006367567650246
ornamen,2,7.313220387090301
adhem,1,8.006367567650246
pkl,1,8.006367567650246
sempat,6,6.214608098422191
maqbarah,1,8.006367567650246
qur,2,7.313220387090301
khatmil,1,8.006367567650246
tabarakallah,1,8.006367567650246
buanyaaak,1,8.006367567650246
juni,2,7.313220387090301
subuh,2,7.313220387090301
da,1,8.006367567650246
muslim,4,6.620073206530356
kramat,1,8.006367567650246
sarean,1,8.006367567650246
rdhonya,1,8.006367567650246
doa,4,6.620073206530356
regi,2,7.313220387090301
allahuma,1,8.006367567650246
jumat,2,7.313220387090301
wali,11,5.608472294851876
keramat,1,8.006367567650246
silih,1,8.006367567650246
beliau,4,6.620073206530356
galeri,1,8.006367567650246
keinget,1,8.006367567650246
bbrp,6,6.214608098422191
nemuin,2,7.313220387090301
bismillah,2,7.313220387090301
waliyullah,4,6.620073206530356
syaikh,1,8.006367567650246
niat,4,6.620073206530356
madad,1,8.006367567650246
biidznillah,1,8.006367567650246
lekas,1,8.006367567650246
khusyu,1,8.006367567650246
dihijabah,1,8.006367567650246
peziaroh,2,7.313220387090301
berziaroh,1,8.006367567650246
laku,2,7.313220387090301
aalim,1,8.006367567650246
jawi,1,8.006367567650246
maduri,1,8.006367567650246
muhammad,1,8.006367567650246
asy,1,8.006367567650246
arab,1,8.006367567650246
bin,2,7.313220387090301
allaamah,1,8.006367567650246
bahasa,3,6.907755278982137
haajji,1,8.006367567650246
al,2,7.313220387090301
lathif,1,8.006367567650246
abdul,1,8.006367567650246
i,4,6.620073206530356
syekh,2,7.313220387090301
bangkalani,1,8.006367567650246
syafi,1,8.006367567650246
gaya,2,7.313220387090301
giat,2,7.313220387090301
spiritual,1,8.006367567650246
manja,8,5.926926025970411
arsitektur,7,6.060457418594933
tombo,1,8.006367567650246
takmir,1,8.006367567650246
religi,21,4.961845129926823
q,1,8.006367567650246
dideket,1,8.006367567650246
bani,1,8.006367567650246
ditawarin,1,8.006367567650246
syaikhonah,1,8.006367567650246
umat,2,7.313220387090301
maduranya,2,7.313220387090301
jamaah,3,6.907755278982137
sate,3,6.907755278982137
dominasi,2,7.313220387090301
islam,2,7.313220387090301
sepenuh,1,8.006367567650246
sebab,1,8.006367567650246
cermin,1,8.006367567650246
insha,1,8.006367567650246
mudik,1,8.006367567650246
dalam,6,6.214608098422191
maghrib,1,8.006367567650246
maqom,1,8.006367567650246
aulia,1,8.006367567650246
slalu,1,8.006367567650246
amiga,1,8.006367567650246
smoga,2,7.313220387090301
rawat,9,5.809142990314028
beribadan,1,8.006367567650246
guru,2,7.313220387090301
ulama,6,6.214608098422191
sowan,3,6.907755278982137
anjak,1,8.006367567650246
semenjak,1,8.006367567650246
pesantren,1,8.006367567650246
ngaji,1,8.006367567650246
jiarah,1,8.006367567650246
ramadhan,1,8.006367567650246
tarawih,1,8.006367567650246
sahur,1,8.006367567650246
berangkat,8,5.926926025970411
mega,1,8.006367567650246
mesti,3,6.907755278982137
rutin,1,8.006367567650246
syech,1,8.006367567650246
seberang,9,5.809142990314028
pesing,1,8.006367567650246
rt,1,8.006367567650246
perl,1,8.006367567650246
sngat,2,7.313220387090301
pasti,5,6.396929655216146
dateng,5,6.396929655216146
qu,1,8.006367567650246
seh,1,8.006367567650246
puji,2,7.313220387090301
emot,1,8.006367567650246
saget,1,8.006367567650246
ponorogo,1,8.006367567650246
duhur,1,8.006367567650246
walisogo,1,8.006367567650246
karakteristik,1,8.006367567650246
kh,3,6.907755278982137
realigi,2,7.313220387090301
mimbar,1,8.006367567650246
tukar,1,8.006367567650246
auliyak,1,8.006367567650246
garam,2,7.313220387090301
sakti,2,7.313220387090301
sman,1,8.006367567650246
modern,1,8.006367567650246
bantu,4,6.620073206530356
clasic,1,8.006367567650246
c,2,7.313220387090301
jambore,1,8.006367567650246
hadir,1,8.006367567650246
rekan,4,6.620073206530356
honda,1,8.006367567650246
latar,3,6.907755278982137
makaam,1,8.006367567650246
dibelkang,1,8.006367567650246
bangga,4,6.620073206530356
wanita,2,7.313220387090301
pisah,1,8.006367567650246
lapang,2,7.313220387090301
mohammad,1,8.006367567650246
hamdallah,1,8.006367567650246
kambing,1,8.006367567650246
bahar,1,8.006367567650246
ayah,1,8.006367567650246
hasyim,1,8.006367567650246
samawi,1,8.006367567650246
ach,1,8.006367567650246
muslich,1,8.006367567650246
ust,1,8.006367567650246
hasbi,1,8.006367567650246
buyut,1,8.006367567650246
ra,1,8.006367567650246
matur,1,8.006367567650246
nuwun,1,8.006367567650246
jelasin,1,8.006367567650246
tamu,2,7.313220387090301
maqam,1,8.006367567650246
kayake,1,8.006367567650246
moh,1,8.006367567650246
dl,2,7.313220387090301
syaekhona,1,8.006367567650246
bertabarruk,1,8.006367567650246
gamis,1,8.006367567650246
detail,1,8.006367567650246
kaligrafi,1,8.006367567650246
nderes,1,8.006367567650246
darah,1,8.006367567650246
tampil,3,6.907755278982137
qiamul,1,8.006367567650246
lail,1,8.006367567650246
aamiinnn,1,8.006367567650246
syarat,1,8.006367567650246
membludak,1,8.006367567650246
auliya,2,7.313220387090301
shaikhona,1,8.006367567650246
wafat,1,8.006367567650246
mendo,1,8.006367567650246
gambar,6,6.214608098422191
singkronkan,1,8.006367567650246
clouds,1,8.006367567650246
memori,1,8.006367567650246
jum,1,8.006367567650246
legi,1,8.006367567650246
at,1,8.006367567650246
wingko,1,8.006367567650246
ema,1,8.006367567650246
izazidan,1,8.006367567650246
bu,1,8.006367567650246
emak,1,8.006367567650246
terjun,155,2.962942450731
berangan,1,8.006367567650246
cafe,14,5.367310238034988
att,2,7.313220387090301
alir,7,6.060457418594933
tosca,1,8.006367567650246
deras,1,8.006367567650246
kemarau,16,5.233778845410465
tempuh,6,6.214608098422191
debit,2,7.313220387090301
laitnya,1,8.006367567650246
sungai,9,5.809142990314028
dengam,1,8.006367567650246
bening,12,5.521460917862246
campur,4,6.620073206530356
surut,5,6.396929655216146
syetan,1,8.006367567650246
selam,1,8.006367567650246
tumbal,1,8.006367567650246
toro,24,4.8283137373023015
mebunuh,1,8.006367567650246
tebu,1,8.006367567650246
cium,1,8.006367567650246
sekali,2,7.313220387090301
landscape,1,8.006367567650246
hunting,6,6.214608098422191
sila,2,7.313220387090301
madu,1,8.006367567650246
like,1,8.006367567650246
r,1,8.006367567650246
kapur,85,3.56371631115993
bukit,94,3.463072785380243
suasanyanya,1,8.006367567650246
terjunya,2,7.313220387090301
desir,2,7.313220387090301
pesisir,6,6.214608098422191
on,1,8.006367567650246
bner,1,8.006367567650246
move,1,8.006367567650246
karang,5,6.396929655216146
batu,34,4.480007043034085
keruh,7,6.060457418594933
kawasan,11,5.608472294851876
gencar,1,8.006367567650246
tel,1,8.006367567650246
boleh,2,7.313220387090301
medan,6,6.214608098422191
tenggelam,2,7.313220387090301
hulu,2,7.313220387090301
tumpah,1,8.006367567650246
waw,3,6.907755278982137
kristal,1,8.006367567650246
nyampe,5,6.396929655216146
diterusin,1,8.006367567650246
seret,1,8.006367567650246
kalender,2,7.313220387090301
ketapang,11,5.608472294851876
spbu,1,8.006367567650246
juang,5,6.396929655216146
malan,1,8.006367567650246
nginap,3,6.907755278982137
sowrey,1,8.006367567650246
taman,3,6.907755278982137
lahan,4,6.620073206530356
bias,1,8.006367567650246
oreng,1,8.006367567650246
dus,1,8.006367567650246
banci,1,8.006367567650246
nodusih,1,8.006367567650246
sengkok,1,8.006367567650246
info,1,8.006367567650246
musin,1,8.006367567650246
sanggup,1,8.006367567650246
naek,3,6.907755278982137
tangga,7,6.060457418594933
diexplore,1,8.006367567650246
senja,6,6.214608098422191
pemandanganya,1,8.006367567650246
reccomend,1,8.006367567650246
sabar,1,8.006367567650246
man,1,8.006367567650246
licin,4,6.620073206530356
negeri,3,6.907755278982137
treking,1,8.006367567650246
meter,3,6.907755278982137
tinggi,4,6.620073206530356
sebentar,5,6.396929655216146
santap,1,8.006367567650246
juju,1,8.006367567650246
melipir,1,8.006367567650246
kawan,2,7.313220387090301
mengexplore,1,8.006367567650246
desain,1,8.006367567650246
dinding,3,6.907755278982137
cerah,5,6.396929655216146
saing,1,8.006367567650246
mungut,1,8.006367567650246
tunggal,1,8.006367567650246
dipingir,1,8.006367567650246
esa,1,8.006367567650246
turoan,1,8.006367567650246
kbt,1,8.006367567650246
samudera,2,7.313220387090301
kct,1,8.006367567650246
jagat,1,8.006367567650246
turns,1,8.006367567650246
all,3,6.907755278982137
danbagus,1,8.006367567650246
nayam,1,8.006367567650246
bnget,3,6.907755278982137
sekolah,2,7.313220387090301
follback,1,8.006367567650246
momen,2,7.313220387090301
bangrt,1,8.006367567650246
ig,2,7.313220387090301
follow,1,8.006367567650246
onezliano,1,8.006367567650246
mukim,2,7.313220387090301
bebatuannya,1,8.006367567650246
woow,1,8.006367567650246
time,3,6.907755278982137
enaak,2,7.313220387090301
naah,1,8.006367567650246
syahdu,1,8.006367567650246
jauuuuuh,1,8.006367567650246
jeju,1,8.006367567650246
selatan,4,6.620073206530356
korea,1,8.006367567650246
segar,6,6.214608098422191
sea,2,7.313220387090301
rujuan,1,8.006367567650246
bwrkunjung,1,8.006367567650246
bridge,1,8.006367567650246
sakobanah,1,8.006367567650246
jenguk,1,8.006367567650246
budget,2,7.313220387090301
tipis,2,7.313220387090301
healing,9,5.809142990314028
tour,3,6.907755278982137
curam,3,6.907755278982137
muara,5,6.396929655216146
hadap,5,6.396929655216146
gaes,5,6.396929655216146
gaesss,1,8.006367567650246
restorant,1,8.006367567650246
karaoke,1,8.006367567650246
bahaya,3,6.907755278982137
aspal,5,6.396929655216146
leat,1,8.006367567650246
bas,1,8.006367567650246
mandiri,1,8.006367567650246
pengololaannya,1,8.006367567650246
volume,1,8.006367567650246
gampang,4,6.620073206530356
dusim,1,8.006367567650246
poin,1,8.006367567650246
th,3,6.907755278982137
nyai,1,8.006367567650246
dewi,1,8.006367567650246
bujuk,1,8.006367567650246
bagusss,4,6.620073206530356
kerabat,3,6.907755278982137
kelurga,1,8.006367567650246
nuasa,1,8.006367567650246
kisar,1,8.006367567650246
jung,1,8.006367567650246
manambah,1,8.006367567650246
panoroma,1,8.006367567650246
cafee,1,8.006367567650246
lgs,1,8.006367567650246
eksotik,4,6.620073206530356
nyelempit,1,8.006367567650246
memuaakan,1,8.006367567650246
baguuus,2,7.313220387090301
ajibbbb,1,8.006367567650246
kembung,1,8.006367567650246
afa,1,8.006367567650246
double,1,8.006367567650246
sensasi,2,7.313220387090301
percik,1,8.006367567650246
ayoo,1,8.006367567650246
tua,2,7.313220387090301
unit,1,8.006367567650246
sayyid,1,8.006367567650246
abdullah,1,8.006367567650246
dasar,5,6.396929655216146
wawancara,1,8.006367567650246
marwah,1,8.006367567650246
buju,1,8.006367567650246
kisah,1,8.006367567650246
siti,1,8.006367567650246
panyeppen,1,8.006367567650246
simpan,2,7.313220387090301
suami,1,8.006367567650246
sang,3,6.907755278982137
cinptaan,1,8.006367567650246
pemandanganyg,1,8.006367567650246
singkat,1,8.006367567650246
ikat,1,8.006367567650246
fisik,1,8.006367567650246
nanti,1,8.006367567650246
tawan,3,6.907755278982137
karen,1,8.006367567650246
nyatu,1,8.006367567650246
ait,1,8.006367567650246
untuj,1,8.006367567650246
capture,1,8.006367567650246
fotografer,3,6.907755278982137
airny,1,8.006367567650246
irigasi,1,8.006367567650246
rbu,2,7.313220387090301
lngsung,2,7.313220387090301
jatohnya,1,8.006367567650246
krcis,1,8.006367567650246
inget,2,7.313220387090301
waterfall,1,8.006367567650246
poto,4,6.620073206530356
background,1,8.006367567650246
ini,1,8.006367567650246
asliiik,1,8.006367567650246
lautt,1,8.006367567650246
baguuss,2,7.313220387090301
malak,1,8.006367567650246
diringkes,1,8.006367567650246
resiko,1,8.006367567650246
mala,1,8.006367567650246
modus,1,8.006367567650246
dalih,1,8.006367567650246
helm,1,8.006367567650246
pos,3,6.907755278982137
taruh,1,8.006367567650246
titip,2,7.313220387090301
sbagus,1,8.006367567650246
s,3,6.907755278982137
adalan,1,8.006367567650246
pofesional,1,8.006367567650246
investor,1,8.006367567650246
airterjun,3,6.907755278982137
bayi,1,8.006367567650246
popok,1,8.006367567650246
inda,1,8.006367567650246
swasta,1,8.006367567650246
htm,3,6.907755278982137
tlg,1,8.006367567650246
tambang,66,3.816712825623821
anda,1,8.006367567650246
jl,3,6.907755278982137
mantabbb,1,8.006367567650246
jalannua,1,8.006367567650246
lampu,4,6.620073206530356
saat,1,8.006367567650246
keruk,2,7.313220387090301
put,1,8.006367567650246
list,1,8.006367567650246
rare,1,8.006367567650246
when,1,8.006367567650246
your,1,8.006367567650246
you,1,8.006367567650246
visiting,1,8.006367567650246
didlm,1,8.006367567650246
lsg,1,8.006367567650246
ditepilaut,1,8.006367567650246
karunia,1,8.006367567650246
sempurna,3,6.907755278982137
tmpat,1,8.006367567650246
luat,1,8.006367567650246
walopun,2,7.313220387090301
prjlnn,1,8.006367567650246
exposure,1,8.006367567650246
evaluasi,1,8.006367567650246
solusi,2,7.313220387090301
akibat,2,7.313220387090301
fikiran,2,7.313220387090301
hayo,1,8.006367567650246
cocokk,1,8.006367567650246
cek,3,6.907755278982137
tbagusw,1,8.006367567650246
terkoordiner,1,8.006367567650246
okay,2,7.313220387090301
ngopi,2,7.313220387090301
bosan,1,8.006367567650246
beautiful,3,6.907755278982137
visit,1,8.006367567650246
viewing,1,8.006367567650246
sunsetnya,1,8.006367567650246
bodoh,1,8.006367567650246
kreativitas,1,8.006367567650246
max,2,7.313220387090301
baguus,2,7.313220387090301
bafus,1,8.006367567650246
jubel,1,8.006367567650246
meikmati,2,7.313220387090301
sumpah,2,7.313220387090301
instagram,1,8.006367567650246
kerapu,1,8.006367567650246
bangkit,1,8.006367567650246
anyar,1,8.006367567650246
ngadem,1,8.006367567650246
untu,1,8.006367567650246
prewedding,5,6.396929655216146
mantaapp,1,8.006367567650246
bukber,1,8.006367567650246
cokelat,1,8.006367567650246
mash,1,8.006367567650246
fasum,2,7.313220387090301
logistik,1,8.006367567650246
kantor,5,6.396929655216146
with,2,7.313220387090301
bbrapa,1,8.006367567650246
wilayah,4,6.620073206530356
jamah,2,7.313220387090301
bangeeet,1,8.006367567650246
mnjadi,1,8.006367567650246
smakin,1,8.006367567650246
ska,1,8.006367567650246
sne,1,8.006367567650246
beautyfull,1,8.006367567650246
mengalirr,1,8.006367567650246
titi,1,8.006367567650246
pakiranya,1,8.006367567650246
kabar,1,8.006367567650246
nepah,1,8.006367567650246
langsng,1,8.006367567650246
wonderful,1,8.006367567650246
amazing,4,6.620073206530356
opening,1,8.006367567650246
bercengkrama,1,8.006367567650246
hipnotis,1,8.006367567650246
terimakasih,3,6.907755278982137
dari,1,8.006367567650246
selpie,1,8.006367567650246
terjunx,1,8.006367567650246
tmptnya,1,8.006367567650246
sipp,1,8.006367567650246
gilasih,1,8.006367567650246
ehe,1,8.006367567650246
abiss,1,8.006367567650246
sunsetnyaa,1,8.006367567650246
rekomandasi,1,8.006367567650246
jebur,1,8.006367567650246
recom,1,8.006367567650246
keruhh,1,8.006367567650246
mantp,1,8.006367567650246
vacation,1,8.006367567650246
short,1,8.006367567650246
senanng,1,8.006367567650246
sehat,2,7.313220387090301
seram,1,8.006367567650246
alamiah,1,8.006367567650246
wekend,1,8.006367567650246
abiiizzz,1,8.006367567650246
ny,3,6.907755278982137
bersihdan,1,8.006367567650246
nyamuk,1,8.006367567650246
duga,1,8.006367567650246
panasss,1,8.006367567650246
sunglasses,1,8.006367567650246
sunscreen,2,7.313220387090301
gali,8,5.926926025970411
tebing,8,5.926926025970411
off,3,6.907755278982137
road,3,6.907755278982137
ampun,5,6.396929655216146
fungsi,1,8.006367567650246
jaddih,29,4.639071737663773
operasi,4,6.620073206530356
jaddihih,1,8.006367567650246
eksepetasi,1,8.006367567650246
jaddhih,7,6.060457418594933
bemper,1,8.006367567650246
ngelupas,1,8.006367567650246
cat,1,8.006367567650246
gasruk,1,8.006367567650246
alhasil,1,8.006367567650246
puter,1,8.006367567650246
aktif,9,5.809142990314028
fotony,1,8.006367567650246
ikhlas,3,6.907755278982137
empat,1,8.006367567650246
bebatuan,2,7.313220387090301
danau,19,5.061928588483807
cantikkk,1,8.006367567650246
tahfidz,1,8.006367567650246
tpq,2,7.313220387090301
ngantar,1,8.006367567650246
ada,3,6.907755278982137
firdaus,1,8.006367567650246
bangettt,3,6.907755278982137
sayank,1,8.006367567650246
cak,1,8.006367567650246
pandu,4,6.620073206530356
ross,1,8.006367567650246
recomend,2,7.313220387090301
fasilotas,1,8.006367567650246
pegembangan,1,8.006367567650246
sepatu,2,7.313220387090301
antar,2,7.313220387090301
mendung,3,6.907755278982137
photo,4,6.620073206530356
video,3,6.907755278982137
klip,1,8.006367567650246
kitq,1,8.006367567650246
dicgat,1,8.006367567650246
suhu,1,8.006367567650246
puncak,4,6.620073206530356
goa,20,5.0106352940962555
mending,1,8.006367567650246
survey,2,7.313220387090301
pote,10,5.703782474656201
aesthetic,3,6.907755278982137
banhkalan,1,8.006367567650246
jeddih,4,6.620073206530356
tmp,1,8.006367567650246
prioritas,1,8.006367567650246
takjud,2,7.313220387090301
begal,4,6.620073206530356
tanding,1,8.006367567650246
baharu,2,7.313220387090301
tempatny,1,8.006367567650246
hidden,2,7.313220387090301
gemsnya,1,8.006367567650246
arek,1,8.006367567650246
cuk,2,7.313220387090301
rene,1,8.006367567650246
suroboyo,1,8.006367567650246
kerikil,1,8.006367567650246
kendala,2,7.313220387090301
epik,2,7.313220387090301
angkut,8,5.926926025970411
berat,3,6.907755278982137
lalang,3,6.907755278982137
sejati,1,8.006367567650246
instagramable,13,5.44141821018871
tampak,2,7.313220387090301
kolam,15,5.298317366548036
primadona,1,8.006367567650246
pamandangannya,1,8.006367567650246
getek,1,8.006367567650246
perahu,20,5.0106352940962555
bambu,1,8.006367567650246
unt,2,7.313220387090301
gethek,1,8.006367567650246
samar,1,8.006367567650246
ikut,2,7.313220387090301
simpang,1,8.006367567650246
point,1,8.006367567650246
sumbang,2,7.313220387090301
kas,2,7.313220387090301
genang,1,8.006367567650246
spektakuler,2,7.313220387090301
poteh,2,7.313220387090301
maklum,2,7.313220387090301
igable,1,8.006367567650246
kluaran,1,8.006367567650246
tapi,1,8.006367567650246
mayan,2,7.313220387090301
manual,1,8.006367567650246
pola,3,6.907755278982137
silau,3,6.907755278982137
mmh,1,8.006367567650246
kencang,3,6.907755278982137
kacamata,9,5.809142990314028
hancur,1,8.006367567650246
rakit,2,7.313220387090301
fto,1,8.006367567650246
hobby,2,7.313220387090301
optimal,1,8.006367567650246
kaca,4,6.620073206530356
sengat,3,6.907755278982137
ria,5,6.396929655216146
langaung,1,8.006367567650246
over,1,8.006367567650246
muat,2,7.313220387090301
mundur,1,8.006367567650246
dibersihin,1,8.006367567650246
serius,3,6.907755278982137
lumut,3,6.907755278982137
experince,1,8.006367567650246
bukt,1,8.006367567650246
gems,1,8.006367567650246
kelamin,1,8.006367567650246
jahat,1,8.006367567650246
ojek,3,6.907755278982137
joget,1,8.006367567650246
ideal,2,7.313220387090301
liang,1,8.006367567650246
jaman,4,6.620073206530356
bicara,1,8.006367567650246
moto,1,8.006367567650246
ide,1,8.006367567650246
turis,3,6.907755278982137
sihh,2,7.313220387090301
ticketing,1,8.006367567650246
omicron,1,8.006367567650246
amazeee,1,8.006367567650246
cantiik,1,8.006367567650246
nget,1,8.006367567650246
sumatera,1,8.006367567650246
kalang,3,6.907755278982137
breksi,3,6.907755278982137
dijogja,1,8.006367567650246
pandai,1,8.006367567650246
angel,2,7.313220387090301
dalm,1,8.006367567650246
pinta,1,8.006367567650246
serbuk,1,8.006367567650246
pejal,1,8.006367567650246
dripada,1,8.006367567650246
nnti,1,8.006367567650246
ajaa,1,8.006367567650246
yauda,1,8.006367567650246
gapapa,1,8.006367567650246
bangeett,1,8.006367567650246
ngeprank,1,8.006367567650246
msuk,1,8.006367567650246
msih,1,8.006367567650246
bata,2,7.313220387090301
hidung,1,8.006367567650246
kelilip,2,7.313220387090301
hhhhmmmm,1,8.006367567650246
jadih,3,6.907755278982137
sunblock,7,6.060457418594933
gosong,3,6.907755278982137
bolak,1,8.006367567650246
klik,1,8.006367567650246
indahhhhh,1,8.006367567650246
lukis,1,8.006367567650246
topi,8,5.926926025970411
payung,9,5.809142990314028
selamat,2,7.313220387090301
sangattttt,1,8.006367567650246
rumput,2,7.313220387090301
hitam,6,6.214608098422191
undang,1,8.006367567650246
ngk,2,7.313220387090301
alhamdulillaah,1,8.006367567650246
kdua,1,8.006367567650246
smp,1,8.006367567650246
kotak,1,8.006367567650246
kubang,1,8.006367567650246
julang,2,7.313220387090301
nampak,3,6.907755278982137
keringat,1,8.006367567650246
peduli,1,8.006367567650246
insyaaallah,1,8.006367567650246
makmur,2,7.313220387090301
tetes,1,8.006367567650246
komitmen,2,7.313220387090301
destination,1,8.006367567650246
one,1,8.006367567650246
bimbing,1,8.006367567650246
illegal,1,8.006367567650246
siapin,2,7.313220387090301
mbrasak,1,8.006367567650246
patok,1,8.006367567650246
longsor,1,8.006367567650246
aktivitas,4,6.620073206530356
semi,1,8.006367567650246
tur,1,8.006367567650246
nunjukin,1,8.006367567650246
vip,1,8.006367567650246
cumak,1,8.006367567650246
portal,2,7.313220387090301
instragameble,1,8.006367567650246
juala,1,8.006367567650246
telaga,2,7.313220387090301
jogja,1,8.006367567650246
mdh,1,8.006367567650246
bersliweran,1,8.006367567650246
breksit,1,8.006367567650246
truck,1,8.006367567650246
exploitasi,1,8.006367567650246
kocak,1,8.006367567650246
keluar,1,8.006367567650246
upload,1,8.006367567650246
lintas,3,6.907755278982137
akomodasi,2,7.313220387090301
punah,1,8.006367567650246
buff,1,8.006367567650246
eksplor,1,8.006367567650246
for,4,6.620073206530356
first,1,8.006367567650246
blgnya,1,8.006367567650246
gmaps,1,8.006367567650246
ngandelin,1,8.006367567650246
ketemu,1,8.006367567650246
kbetulan,1,8.006367567650246
halau,1,8.006367567650246
senin,1,8.006367567650246
horor,1,8.006367567650246
ratus,1,8.006367567650246
infaq,1,8.006367567650246
eksplore,1,8.006367567650246
epic,1,8.006367567650246
jaring,2,7.313220387090301
demi,1,8.006367567650246
instgramable,1,8.006367567650246
dijadiin,1,8.006367567650246
diitung,1,8.006367567650246
menuru,1,8.006367567650246
termanage,1,8.006367567650246
sport,5,6.396929655216146
hobi,2,7.313220387090301
uhuy,1,8.006367567650246
berselfie,1,8.006367567650246
fotografi,2,7.313220387090301
jaddihnya,1,8.006367567650246
aktiv,1,8.006367567650246
terjal,3,6.907755278982137
selfie,2,7.313220387090301
offroad,2,7.313220387090301
sudut,2,7.313220387090301
ngejar,2,7.313220387090301
around,1,8.006367567650246
goyang,1,8.006367567650246
potonya,1,8.006367567650246
ngarahin,1,8.006367567650246
pengaruh,2,7.313220387090301
mesin,2,7.313220387090301
nambang,1,8.006367567650246
restribusinya,1,8.006367567650246
daun,2,7.313220387090301
pahat,3,6.907755278982137
serba,2,7.313220387090301
wkwkw,1,8.006367567650246
ditarok,1,8.006367567650246
emezing,1,8.006367567650246
ntah,1,8.006367567650246
ditarikin,1,8.006367567650246
ngikutin,1,8.006367567650246
maksa,1,8.006367567650246
diikutin,1,8.006367567650246
instagrammable,1,8.006367567650246
sesi,2,7.313220387090301
diola,1,8.006367567650246
prewed,1,8.006367567650246
kaum,1,8.006367567650246
ketak,1,8.006367567650246
rawan,3,6.907755278982137
ditanyain,1,8.006367567650246
beroprasi,1,8.006367567650246
aktifitas,1,8.006367567650246
konstruksi,2,7.313220387090301
carwash,1,8.006367567650246
tebel,1,8.006367567650246
nempel,1,8.006367567650246
tebal,3,6.907755278982137
masyaalloh,1,8.006367567650246
banyao,1,8.006367567650246
eisata,1,8.006367567650246
explore,2,7.313220387090301
kereeeen,1,8.006367567650246
atmosfer,1,8.006367567650246
china,2,7.313220387090301
l,1,8.006367567650246
o,1,8.006367567650246
kesitu,1,8.006367567650246
w,1,8.006367567650246
bks,1,8.006367567650246
diambilin,1,8.006367567650246
kapal,21,4.961845129926823
hawa,2,7.313220387090301
hitz,1,8.006367567650246
eksplorasi,1,8.006367567650246
illahi,1,8.006367567650246
multi,1,8.006367567650246
smua,1,8.006367567650246
engunjung,1,8.006367567650246
vegetasi,1,8.006367567650246
batugamping,1,8.006367567650246
masim,1,8.006367567650246
angle,1,8.006367567650246
kamera,1,8.006367567650246
kadar,2,7.313220387090301
operasional,1,8.006367567650246
ala,3,6.907755278982137
sulap,1,8.006367567650246
spf,1,8.006367567650246
puanaaaaasssnya,1,8.006367567650246
gamau,1,8.006367567650246
dimintain,1,8.006367567650246
know,1,8.006367567650246
yak,1,8.006367567650246
backsound,1,8.006367567650246
tandus,1,8.006367567650246
temoat,1,8.006367567650246
makelar,3,6.907755278982137
jaket,1,8.006367567650246
gatahan,1,8.006367567650246
syang,1,8.006367567650246
silam,1,8.006367567650246
tertawa,3,6.907755278982137
mostly,1,8.006367567650246
prahu,2,7.313220387090301
abiisss,1,8.006367567650246
hangout,1,8.006367567650246
tindak,1,8.006367567650246
pulng,1,8.006367567650246
ksini,3,6.907755278982137
disarankn,1,8.006367567650246
letakny,1,8.006367567650246
trjebak,1,8.006367567650246
muter,1,8.006367567650246
seperri,2,7.313220387090301
beraktifitas,1,8.006367567650246
alas,2,7.313220387090301
mulut,1,8.006367567650246
adu,1,8.006367567650246
terlanjurr,1,8.006367567650246
pcs,1,8.006367567650246
kunjungin,1,8.006367567650246
skrg,3,6.907755278982137
wabil,1,8.006367567650246
data,1,8.006367567650246
benerin,1,8.006367567650246
kapru,1,8.006367567650246
tahap,1,8.006367567650246
cangkringmalang,1,8.006367567650246
sdn,1,8.006367567650246
geser,1,8.006367567650246
narkotika,1,8.006367567650246
psikotropika,1,8.006367567650246
gerak,1,8.006367567650246
berantas,1,8.006367567650246
nakal,1,8.006367567650246
sii,2,7.313220387090301
pungliiiiiii,1,8.006367567650246
yogya,1,8.006367567650246
tonjol,1,8.006367567650246
sari,1,8.006367567650246
exotis,1,8.006367567650246
mikir,1,8.006367567650246
nampung,1,8.006367567650246
itu,2,7.313220387090301
hasrat,1,8.006367567650246
gaess,1,8.006367567650246
huufhh,1,8.006367567650246
asyiiikkk,1,8.006367567650246
teriiik,1,8.006367567650246
muasal,1,8.006367567650246
panasx,1,8.006367567650246
corona,2,7.313220387090301
intruksi,1,8.006367567650246
lengan,1,8.006367567650246
gaenak,1,8.006367567650246
lan,1,8.006367567650246
palak,2,7.313220387090301
ikutin,1,8.006367567650246
rute,1,8.006367567650246
rabu,1,8.006367567650246
dobel,1,8.006367567650246
ngak,1,8.006367567650246
jala,2,7.313220387090301
mintak,1,8.006367567650246
teroganisir,1,8.006367567650246
suv,1,8.006367567650246
mpv,1,8.006367567650246
pendek,1,8.006367567650246
kereen,1,8.006367567650246
managemennya,1,8.006367567650246
awesome,1,8.006367567650246
abrakadarba,1,8.006367567650246
pute,1,8.006367567650246
yach,1,8.006367567650246
pokokny,1,8.006367567650246
oiya,1,8.006367567650246
apbd,1,8.006367567650246
anggar,1,8.006367567650246
tencuuu,1,8.006367567650246
tagih,2,7.313220387090301
pink,1,8.006367567650246
digituin,1,8.006367567650246
gblk,1,8.006367567650246
gais,1,8.006367567650246
min,2,7.313220387090301
sesak,1,8.006367567650246
syedihhh,1,8.006367567650246
beberap,1,8.006367567650246
hra,1,8.006367567650246
lah,1,8.006367567650246
beterbsngan,1,8.006367567650246
material,1,8.006367567650246
pacar,4,6.620073206530356
jangab,1,8.006367567650246
cuci,1,8.006367567650246
stress,3,6.907755278982137
tx,1,8.006367567650246
rambu,1,8.006367567650246
renov,2,7.313220387090301
gesss,2,7.313220387090301
bangus,1,8.006367567650246
gess,1,8.006367567650246
dampak,1,8.006367567650246
dihimbau,1,8.006367567650246
lpa,1,8.006367567650246
sblm,2,7.313220387090301
ukir,1,8.006367567650246
juragan,1,8.006367567650246
walah,1,8.006367567650246
nambangnya,1,8.006367567650246
kerukannya,1,8.006367567650246
timbul,1,8.006367567650246
amburadul,1,8.006367567650246
kapok,1,8.006367567650246
akhirussanah,1,8.006367567650246
inf,1,8.006367567650246
tikect,1,8.006367567650246
tanjak,2,7.313220387090301
sempetin,1,8.006367567650246
atv,3,6.907755278982137
sllu,1,8.006367567650246
ghepeknya,1,8.006367567650246
kerkasih,2,7.313220387090301
cicip,1,8.006367567650246
trailnya,1,8.006367567650246
abang,1,8.006367567650246
dipotoin,1,8.006367567650246
kmarin,2,7.313220387090301
akad,1,8.006367567650246
kemari,1,8.006367567650246
tidal,1,8.006367567650246
dapat,3,6.907755278982137
ghetteng,1,8.006367567650246
mengeksplore,1,8.006367567650246
trebung,1,8.006367567650246
nyataanya,1,8.006367567650246
kurir,1,8.006367567650246
anter,1,8.006367567650246
cod,1,8.006367567650246
pulak,1,8.006367567650246
inti,2,7.313220387090301
jemput,1,8.006367567650246
expedisi,1,8.006367567650246
ribet,1,8.006367567650246
sarung,1,8.006367567650246
restonya,5,6.396929655216146
events,1,8.006367567650246
bagt,1,8.006367567650246
kernagnya,1,8.006367567650246
jug,1,8.006367567650246
arsitek,2,7.313220387090301
jejal,1,8.006367567650246
caf,1,8.006367567650246
debur,6,6.214608098422191
gasalah,1,8.006367567650246
keliliang,1,8.006367567650246
sembaranga,1,8.006367567650246
rilex,1,8.006367567650246
spoi,1,8.006367567650246
pnjang,1,8.006367567650246
sbntar,1,8.006367567650246
tpibtiket,1,8.006367567650246
posisi,1,8.006367567650246
versi,1,8.006367567650246
slopengnya,1,8.006367567650246
sombong,3,6.907755278982137
melotot,1,8.006367567650246
janggal,1,8.006367567650246
partisipasi,1,8.006367567650246
bersihkannnn,1,8.006367567650246
lanjut,2,7.313220387090301
keceh,1,8.006367567650246
jajar,1,8.006367567650246
salopeng,2,7.313220387090301
istana,1,8.006367567650246
lambai,2,7.313220387090301
gurun,2,7.313220387090301
lega,1,8.006367567650246
youtube,1,8.006367567650246
romdhan,1,8.006367567650246
feriyadi,1,8.006367567650246
pokokx,1,8.006367567650246
brhembus,1,8.006367567650246
mnikmati,1,8.006367567650246
smilir,1,8.006367567650246
kmbli,2,7.313220387090301
sema,1,8.006367567650246
giur,1,8.006367567650246
meeting,1,8.006367567650246
wediing,1,8.006367567650246
ultah,1,8.006367567650246
luang,2,7.313220387090301
familiar,1,8.006367567650246
lontong,1,8.006367567650246
sayur,1,8.006367567650246
siram,1,8.006367567650246
kuah,1,8.006367567650246
bogor,1,8.006367567650246
kacang,1,8.006367567650246
cabein,1,8.006367567650246
gatis,1,8.006367567650246
songenep,1,8.006367567650246
lancong,1,8.006367567650246
pantang,1,8.006367567650246
jntuk,1,8.006367567650246
lembuuuuttttt,1,8.006367567650246
quite,1,8.006367567650246
venue,1,8.006367567650246
semrawut,1,8.006367567650246
alakadar,1,8.006367567650246
balap,1,8.006367567650246
wlwkwkwk,1,8.006367567650246
kuning,1,8.006367567650246
banyakpengunjung,1,8.006367567650246
punyak,1,8.006367567650246
reflesing,1,8.006367567650246
toiled,1,8.006367567650246
diuatara,1,8.006367567650246
mojok,1,8.006367567650246
nelayan,1,8.006367567650246
selopeng,1,8.006367567650246
tangkap,2,7.313220387090301
pjalanan,1,8.006367567650246
ptma,1,8.006367567650246
kurleb,1,8.006367567650246
smpat,1,8.006367567650246
dperbaiki,1,8.006367567650246
gelandang,1,8.006367567650246
ghepek,1,8.006367567650246
rise,1,8.006367567650246
sun,1,8.006367567650246
arus,1,8.006367567650246
santaiii,1,8.006367567650246
makannanya,1,8.006367567650246
nyampur,1,8.006367567650246
penting,1,8.006367567650246
terkadang,1,8.006367567650246
mantaps,1,8.006367567650246
april,1,8.006367567650246
wudlu,1,8.006367567650246
natal,1,8.006367567650246
kilometer,1,8.006367567650246
privat,1,8.006367567650246
alakadarnya,1,8.006367567650246
buih,1,8.006367567650246
vaporit,1,8.006367567650246
riak,1,8.006367567650246
gulung,1,8.006367567650246
dahsyat,1,8.006367567650246
kliatan,1,8.006367567650246
dinner,1,8.006367567650246
great,1,8.006367567650246
jimbaran,1,8.006367567650246
minat,3,6.907755278982137
ambuten,1,8.006367567650246
galau,1,8.006367567650246
snorkling,4,6.620073206530356
mancing,4,6.620073206530356
mania,2,7.313220387090301
tabrak,1,8.006367567650246
keroyok,1,8.006367567650246
baguslaaah,1,8.006367567650246
wakil,1,8.006367567650246
ditumpangin,1,8.006367567650246
pemandangannys,1,8.006367567650246
tatap,2,7.313220387090301
aaahhh,1,8.006367567650246
bahari,1,8.006367567650246
msyarkat,1,8.006367567650246
umumx,1,8.006367567650246
kedepanx,1,8.006367567650246
kang,1,8.006367567650246
friendly,1,8.006367567650246
live,3,6.907755278982137
music,2,7.313220387090301
klelen,1,8.006367567650246
up,1,8.006367567650246
efektif,1,8.006367567650246
setapak,1,8.006367567650246
pnjga,1,8.006367567650246
siwalan,1,8.006367567650246
kolonial,1,8.006367567650246
dpenuhi,1,8.006367567650246
ting,1,8.006367567650246
iconic,1,8.006367567650246
pacu,1,8.006367567650246
iring,1,8.006367567650246
mantaaappp,1,8.006367567650246
panta,1,8.006367567650246
tong,1,8.006367567650246
egois,1,8.006367567650246
sembrono,1,8.006367567650246
bangettttt,1,8.006367567650246
luuaas,1,8.006367567650246
modifikasi,1,8.006367567650246
nyiur,1,8.006367567650246
beachnya,1,8.006367567650246
beesih,1,8.006367567650246
ngontrol,1,8.006367567650246
inbangi,1,8.006367567650246
rubah,1,8.006367567650246
bgtzz,1,8.006367567650246
hotel,3,6.907755278982137
pelosok,1,8.006367567650246
putar,1,8.006367567650246
sedih,1,8.006367567650246
fadilitas,1,8.006367567650246
padan,1,8.006367567650246
tiken,1,8.006367567650246
manca,1,8.006367567650246
negara,1,8.006367567650246
puting,1,8.006367567650246
pants,1,8.006367567650246
tualang,2,7.313220387090301
jail,1,8.006367567650246
lor,1,8.006367567650246
kidul,1,8.006367567650246
nungjin,1,8.006367567650246
sukaaak,1,8.006367567650246
direnofasi,1,8.006367567650246
alhamd,1,8.006367567650246
bangeeed,1,8.006367567650246
maka,1,8.006367567650246
deret,1,8.006367567650246
soto,2,7.313220387090301
kulinerx,1,8.006367567650246
sumenwp,1,8.006367567650246
kereeenn,1,8.006367567650246
fashion,1,8.006367567650246
original,1,8.006367567650246
boss,1,8.006367567650246
rayu,1,8.006367567650246
rujan,1,8.006367567650246
gaissss,1,8.006367567650246
psirnya,1,8.006367567650246
musik,1,8.006367567650246
indahhh,1,8.006367567650246
kini,2,7.313220387090301
keibdahan,1,8.006367567650246
bising,1,8.006367567650246
infah,1,8.006367567650246
coxok,1,8.006367567650246
asiklah,1,8.006367567650246
temptnya,1,8.006367567650246
buaat,1,8.006367567650246
kerenn,1,8.006367567650246
dmn,1,8.006367567650246
camping,6,6.214608098422191
woooooowww,1,8.006367567650246
tunas,1,8.006367567650246
manjemen,1,8.006367567650246
bersihhhh,1,8.006367567650246
maduraa,1,8.006367567650246
cock,1,8.006367567650246
sakral,2,7.313220387090301
asta,15,5.298317366548036
raja,27,4.710530701645918
agama,2,7.313220387090301
karena,1,8.006367567650246
jadwal,1,8.006367567650246
leluhur,4,6.620073206530356
teras,1,8.006367567650246
kompleks,1,8.006367567650246
tenggi,1,8.006367567650246
taung,1,8.006367567650246
kraton,1,8.006367567650246
komplek,1,8.006367567650246
eropa,1,8.006367567650246
kubah,1,8.006367567650246
kebon,2,7.313220387090301
kebonagung,1,8.006367567650246
provinsi,1,8.006367567650246
ancang,1,8.006367567650246
sangka,1,8.006367567650246
kebunagung,1,8.006367567650246
jantung,1,8.006367567650246
eyang,1,8.006367567650246
brkunjung,1,8.006367567650246
ski,2,7.313220387090301
santun,1,8.006367567650246
abad,1,8.006367567650246
keraton,2,7.313220387090301
induk,1,8.006367567650246
ngalap,1,8.006367567650246
didatengi,1,8.006367567650246
luarbiasa,1,8.006367567650246
suku,1,8.006367567650246
riwayat,1,8.006367567650246
arti,1,8.006367567650246
etimologi,1,8.006367567650246
raj,1,8.006367567650246
tetak,1,8.006367567650246
pangradj,1,8.006367567650246
bangsa,1,8.006367567650246
langit,1,8.006367567650246
mistis,1,8.006367567650246
assalamualaikum,1,8.006367567650246
kiai,1,8.006367567650246
kai,1,8.006367567650246
romobngan,1,8.006367567650246
tempay,1,8.006367567650246
pernak,1,8.006367567650246
pernik,1,8.006367567650246
instagramebel,1,8.006367567650246
pukau,3,6.907755278982137
cutting,1,8.006367567650246
sablon,1,8.006367567650246
cart,1,8.006367567650246
city,1,8.006367567650246
juru,1,8.006367567650246
pahlawan,2,7.313220387090301
jara,1,8.006367567650246
tokoh,2,7.313220387090301
religius,2,7.313220387090301
alm,1,8.006367567650246
ibu,1,8.006367567650246
almh,1,8.006367567650246
cokro,1,8.006367567650246
raden,1,8.006367567650246
aminoto,1,8.006367567650246
almarhumah,1,8.006367567650246
almarhum,1,8.006367567650246
subhanallaaah,1,8.006367567650246
siaroh,1,8.006367567650246
jiaroh,1,8.006367567650246
iconnya,1,8.006367567650246
bangsawan,2,7.313220387090301
saud,1,8.006367567650246
bindere,1,8.006367567650246
diam,1,8.006367567650246
sunyi,2,7.313220387090301
senyap,1,8.006367567650246
pancing,3,6.907755278982137
hahahaa,1,8.006367567650246
bos,1,8.006367567650246
sunblok,1,8.006367567650246
labuh,19,5.061928588483807
capa,1,8.006367567650246
gili,20,5.0106352940962555
genting,13,5.44141821018871
tanjung,12,5.521460917862246
traveling,1,8.006367567650246
individu,1,8.006367567650246
gada,1,8.006367567650246
salahsatu,1,8.006367567650246
sumenepnya,1,8.006367567650246
ohiya,1,8.006367567650246
direpotin,1,8.006367567650246
nganterin,1,8.006367567650246
saipul,1,8.006367567650246
apung,1,8.006367567650246
infrastrukturx,1,8.006367567650246
banyakx,1,8.006367567650246
bangaus,1,8.006367567650246
wisatax,1,8.006367567650246
mieso,1,8.006367567650246
hembus,1,8.006367567650246
nginapnya,1,8.006367567650246
t,2,7.313220387090301
mushalla,1,8.006367567650246
camp,1,8.006367567650246
muantabek,1,8.006367567650246
fasumnya,1,8.006367567650246
ongkos,1,8.006367567650246
darat,2,7.313220387090301
deg,1,8.006367567650246
maksud,1,8.006367567650246
menyebrang,4,6.620073206530356
trawangan,1,8.006367567650246
minimal,1,8.006367567650246
mck,1,8.006367567650246
lumpur,1,8.006367567650246
soale,1,8.006367567650246
pojok,1,8.006367567650246
butek,1,8.006367567650246
awan,1,8.006367567650246
saronggi,8,5.926926025970411
boat,6,6.214608098422191
giligenting,5,6.396929655216146
menyebrangan,1,8.006367567650246
labak,5,6.396929655216146
angkot,1,8.006367567650246
bringsang,2,7.313220387090301
fall,1,8.006367567650246
boats,2,7.313220387090301
banana,8,5.926926025970411
love,2,7.313220387090301
cottage,2,7.313220387090301
vibesnya,1,8.006367567650246
sktr,1,8.006367567650246
ngecamp,2,7.313220387090301
smpai,2,7.313220387090301
prmalam,1,8.006367567650246
pnginapan,1,8.006367567650246
lbih,1,8.006367567650246
carter,1,8.006367567650246
trakhir,1,8.006367567650246
dpinggir,1,8.006367567650246
pnumpqng,1,8.006367567650246
nit,1,8.006367567650246
cemilan,1,8.006367567650246
yuang,1,8.006367567650246
saung,2,7.313220387090301
nyapuin,1,8.006367567650246
mual,1,8.006367567650246
nyaa,1,8.006367567650246
snorkeling,3,6.907755278982137
telor,1,8.006367567650246
musola,1,8.006367567650246
rawon,1,8.006367567650246
jauuuhh,1,8.006367567650246
hai,1,8.006367567650246
elo,1,8.006367567650246
jombang,1,8.006367567650246
qta,1,8.006367567650246
semalem,1,8.006367567650246
kerennnnnn,1,8.006367567650246
wisnan,1,8.006367567650246
hopping,1,8.006367567650246
island,1,8.006367567650246
backpacker,1,8.006367567650246
berac,1,8.006367567650246
scenery,1,8.006367567650246
bluto,1,8.006367567650246
mahasiswa,2,7.313220387090301
capai,1,8.006367567650246
matahri,1,8.006367567650246
suejuk,1,8.006367567650246
takingnya,1,8.006367567650246
dperbaeki,1,8.006367567650246
penyebrangan,2,7.313220387090301
janji,2,7.313220387090301
kades,2,7.313220387090301
fsilitas,1,8.006367567650246
miscall,1,8.006367567650246
cuma,1,8.006367567650246
kepiting,1,8.006367567650246
umpan,1,8.006367567650246
siippppp,1,8.006367567650246
tenda,3,6.907755278982137
rate,1,8.006367567650246
merefresh,1,8.006367567650246
seruh,1,8.006367567650246
skrang,2,7.313220387090301
memperihatinkan,1,8.006367567650246
sndri,1,8.006367567650246
pengunjungya,1,8.006367567650246
lucu,1,8.006367567650246
warni,1,8.006367567650246
jurang,1,8.006367567650246
jet,1,8.006367567650246
kubur,1,8.006367567650246
belakang,1,8.006367567650246
babilaut,1,8.006367567650246
honeymoon,4,6.620073206530356
landak,1,8.006367567650246
huni,1,8.006367567650246
potret,1,8.006367567650246
stay,2,7.313220387090301
exited,1,8.006367567650246
nyebelin,1,8.006367567650246
vila,1,8.006367567650246
acnya,1,8.006367567650246
bukanx,1,8.006367567650246
nyalahin,1,8.006367567650246
uangx,1,8.006367567650246
kembali,1,8.006367567650246
resortnya,1,8.006367567650246
nemu,1,8.006367567650246
problematika,1,8.006367567650246
kika,1,8.006367567650246
keindahaan,1,8.006367567650246
keindahaannya,1,8.006367567650246
villa,3,6.907755278982137
asikk,1,8.006367567650246
uh,1,8.006367567650246
sukak,2,7.313220387090301
suasa,1,8.006367567650246
noda,1,8.006367567650246
panatai,1,8.006367567650246
mengunakan,1,8.006367567650246
ahamdulilah,1,8.006367567650246
snorkelling,1,8.006367567650246
diving,1,8.006367567650246
bersahat,1,8.006367567650246
check,1,8.006367567650246
dome,1,8.006367567650246
fleksibel,1,8.006367567650246
smpah,1,8.006367567650246
pokoke,1,8.006367567650246
manteeeep,1,8.006367567650246
jerni,1,8.006367567650246
syukak,1,8.006367567650246
trip,2,7.313220387090301
duper,1,8.006367567650246
paraahhhh,1,8.006367567650246
cman,1,8.006367567650246
transit,1,8.006367567650246
kerren,1,8.006367567650246
angler,1,8.006367567650246
anhler,1,8.006367567650246
ama,1,8.006367567650246
booth,1,8.006367567650246
gerah,1,8.006367567650246
hoby,1,8.006367567650246
tempak,1,8.006367567650246
sumpahh,1,8.006367567650246
yagesya,1,8.006367567650246
penginapanya,1,8.006367567650246
jernihh,1,8.006367567650246
bea,1,8.006367567650246
hrg,1,8.006367567650246
nego,1,8.006367567650246
or,1,8.006367567650246
sunrisenya,1,8.006367567650246
panti,1,8.006367567650246
sampan,1,8.006367567650246
reguler,1,8.006367567650246
tongkang,1,8.006367567650246
walhamdulillah,1,8.006367567650246
kano,3,6.907755278982137
musicnya,1,8.006367567650246
tenangin,1,8.006367567650246
fals,1,8.006367567650246
familiable,1,8.006367567650246
oksigen,1,8.006367567650246
ngabisin,1,8.006367567650246
bangettttttt,1,8.006367567650246
rang,1,8.006367567650246
kait,1,8.006367567650246
rob,1,8.006367567650246
jagain,1,8.006367567650246
mantau,1,8.006367567650246
keindahnnya,1,8.006367567650246
kejut,1,8.006367567650246
oantai,1,8.006367567650246
bot,1,8.006367567650246
nyanyi,1,8.006367567650246
dug,1,8.006367567650246
dig,1,8.006367567650246
menyebarng,1,8.006367567650246
dag,1,8.006367567650246
karimun,1,8.006367567650246
meni,1,8.006367567650246
grg,1,8.006367567650246
tembaga,1,8.006367567650246
ases,1,8.006367567650246
sutlan,1,8.006367567650246
ceo,1,8.006367567650246
beeettttt,1,8.006367567650246
rekom,1,8.006367567650246
pakek,1,8.006367567650246
moderen,1,8.006367567650246
pengembanga,1,8.006367567650246
size,1,8.006367567650246
king,1,8.006367567650246
kasur,1,8.006367567650246
tujuh,1,8.006367567650246
transportasi,3,6.907755278982137
bajhet,1,8.006367567650246
terbersihhhh,1,8.006367567650246
kerrennnnnn,1,8.006367567650246
pantaiiiii,1,8.006367567650246
update,1,8.006367567650246
kompetensi,1,8.006367567650246
klebun,2,7.313220387090301
sertifikat,1,8.006367567650246
mantabbbe,1,8.006367567650246
dbnding,1,8.006367567650246
gubuk,1,8.006367567650246
repsentatif,1,8.006367567650246
suana,1,8.006367567650246
nd,1,8.006367567650246
sebal,1,8.006367567650246
jakarta,1,8.006367567650246
pengelolannya,1,8.006367567650246
mewah,1,8.006367567650246
dehh,1,8.006367567650246
uras,1,8.006367567650246
tutul,1,8.006367567650246
hiu,1,8.006367567650246
masij,1,8.006367567650246
jatim,1,8.006367567650246
nyaaa,1,8.006367567650246
bo,1,8.006367567650246
agk,1,8.006367567650246
viramin,1,8.006367567650246
praktis,1,8.006367567650246
badai,1,8.006367567650246
pmandaganya,1,8.006367567650246
syaa,1,8.006367567650246
